,nodeid1,nodeid2,label
0,33754,11976,0
1,42932,40926,0
2,29894,24431,0
3,37034,2610,0
4,511,899,0
5,22407,58444,0
6,13459,33845,0
7,39253,41152,0
8,37732,18988,0
9,38308,9016,0
10,39596,3343,0
11,65066,20182,0
12,49281,47802,0
13,56596,22632,0
14,25262,60535,0
15,39086,14843,0
16,49190,19409,0
17,33565,51201,0
18,59849,56983,0
19,883,12032,0
20,4408,20747,0
21,30056,41249,0
22,34806,34936,0
23,38225,67822,0
24,43640,50334,0
25,14542,55046,0
26,35976,24166,0
27,933,34679,0
28,34514,66951,0
29,33614,32709,0
30,36911,202,0
31,964,9636,0
32,12467,17215,0
33,16954,15242,0
34,11285,61899,0
35,62097,43562,0
36,33933,65365,0
37,20881,52602,0
38,15422,37206,0
39,3135,59375,0
40,28244,46220,0
41,60881,21379,0
42,61810,67175,0
43,34522,52921,0
44,20334,31125,0
45,31315,11734,0
46,2500,26673,0
47,51193,3766,0
48,36824,56682,0
49,7528,39613,0
50,23513,11154,0
51,67276,51107,0
52,42602,48261,0
53,4258,54947,0
54,23291,40526,0
55,14720,45367,0
56,9966,56306,0
57,59716,46113,0
58,862,48423,0
59,62743,48631,0
60,65916,30082,0
61,63295,57839,0
62,21656,32197,0
63,43852,28758,0
64,22304,213,0
65,14943,2011,0
66,23649,8659,0
67,23775,49038,0
68,59222,14880,0
69,34740,10895,0
70,56245,31196,0
71,21827,38762,0
72,6116,38122,0
73,51819,21891,0
74,40689,12621,0
75,60838,10512,0
76,4729,67149,0
77,37637,67343,0
78,21714,17326,0
79,54323,66126,0
80,36949,56011,0
81,51841,55246,0
82,29244,67019,0
83,20295,67160,0
84,41732,2471,0
85,8068,37839,0
86,50546,68133,0
87,50005,30964,0
88,8040,65695,0
89,28055,6891,0
90,34485,57076,0
91,48145,63914,0
92,7093,27512,0
93,64531,35943,0
94,14108,22894,0
95,57123,23419,0
96,21436,68150,0
97,25629,50755,0
98,59058,57450,0
99,40190,36916,0
100,60653,53744,0
101,1591,54069,0
102,28248,61903,0
103,65174,56207,0
104,43164,220,0
105,17509,1523,0
106,9256,14211,0
107,23618,27214,0
108,39326,63781,0
109,3971,60195,0
110,19942,16205,0
111,16728,6003,0
112,57655,65559,0
113,9777,65555,0
114,24629,20450,0
115,16297,42387,0
116,4423,1529,0
117,17520,32549,0
118,3104,10092,0
119,63697,34660,0
120,10371,12291,0
121,16943,59613,0
122,29707,55272,0
123,32907,10738,0
124,7193,60684,0
125,54186,25233,0
126,8720,57691,0
127,62761,27783,0
128,20012,44090,0
129,14386,29584,0
130,62630,56429,0
131,14412,66767,0
132,19163,8048,0
133,20118,56609,0
134,20814,30608,0
135,5957,39476,0
136,8843,42361,0
137,13742,11451,0
138,26894,5320,0
139,58832,54627,0
140,33835,63811,0
141,5791,33233,0
142,9515,68102,0
143,8361,58031,0
144,56521,2929,0
145,4267,63050,0
146,27130,41730,0
147,28104,34999,0
148,32913,32314,0
149,23990,27748,0
150,50255,33039,0
151,7431,28113,0
152,39738,46911,0
153,45951,41185,0
154,67515,57300,0
155,14287,47702,0
156,19828,10600,0
157,12482,9571,0
158,10158,1839,0
159,44043,45914,0
160,57236,32994,0
161,5330,15862,0
162,18375,34959,0
163,57013,18255,0
164,19454,10707,0
165,40484,45399,0
166,53322,38068,0
167,40443,60928,0
168,66481,16897,0
169,12006,45510,0
170,2607,49099,0
171,26180,33203,0
172,27750,4179,0
173,10224,7973,0
174,49884,57369,0
175,8205,50336,0
176,25624,51993,0
177,68211,31216,0
178,27151,19484,0
179,60729,11607,0
180,5307,45964,0
181,29503,35668,0
182,34758,2796,0
183,32184,30650,0
184,62434,66664,0
185,15776,20764,0
186,23485,62069,0
187,17680,52703,0
188,32422,38974,0
189,56479,39484,0
190,19503,16913,0
191,65652,5499,0
192,20509,14719,0
193,47471,62110,0
194,47714,64705,0
195,15957,13668,0
196,1150,18020,0
197,46123,56788,0
198,40518,64613,0
199,16942,67728,0
200,45042,19483,0
201,9762,29259,0
202,67875,37061,0
203,64436,62785,0
204,25037,53739,0
205,60867,12465,0
206,5535,6506,0
207,42376,5305,0
208,16235,6415,0
209,39092,49657,0
210,47386,46758,0
211,54062,49859,0
212,62162,53118,0
213,45600,8464,0
214,54539,42137,0
215,48285,42359,0
216,11221,8295,0
217,723,48291,0
218,51135,360,0
219,37574,46266,0
220,48276,66649,0
221,47450,21735,0
222,63431,31918,0
223,54434,23477,0
224,25069,54538,0
225,57538,55919,0
226,889,3600,0
227,59816,14197,0
228,18687,9083,0
229,2063,41983,0
230,17929,11790,0
231,28130,59313,0
232,24897,12266,0
233,14534,5637,0
234,23962,30553,0
235,63886,45587,0
236,23699,41262,0
237,19846,21697,0
238,63561,52534,0
239,59930,37498,0
240,59113,25065,0
241,32783,55939,0
242,46493,40138,0
243,25794,42235,0
244,18372,46974,0
245,4919,63655,0
246,46269,44933,0
247,13755,24447,0
248,58306,12118,0
249,44574,51447,0
250,22114,16461,0
251,24660,30647,0
252,57354,39008,0
253,17137,1739,0
254,65061,16036,0
255,37263,10216,0
256,61294,18039,0
257,12990,20749,0
258,33719,8955,0
259,56143,49355,0
260,41923,44633,0
261,37338,10899,0
262,26628,13817,0
263,59139,2187,0
264,30298,64262,0
265,26982,61977,0
266,2544,50901,0
267,34471,38978,0
268,3716,48844,0
269,22504,65584,0
270,31738,55111,0
271,43276,12346,0
272,30286,55613,0
273,68043,34719,0
274,61814,40832,0
275,39596,23417,0
276,60528,35760,0
277,18644,33976,0
278,40737,16065,0
279,3576,44521,0
280,18127,1564,0
281,17157,30202,0
282,37954,41749,0
283,28526,22721,0
284,32912,30833,0
285,61064,13762,0
286,8406,10089,0
287,61543,27121,0
288,37556,30104,0
289,59963,2694,0
290,2084,19932,0
291,27056,41893,0
292,59497,26434,0
293,18406,6477,0
294,51388,18562,0
295,21500,57051,0
296,67780,6139,0
297,42591,6123,0
298,58599,36195,0
299,18679,54990,0
300,7396,64216,0
301,28766,52544,0
302,24309,17375,0
303,51019,1205,0
304,39709,927,0
305,7756,8865,0
306,31450,62280,0
307,23437,23384,0
308,7439,17998,0
309,3313,38288,0
310,32091,39085,0
311,1753,46050,0
312,39029,41696,0
313,28992,37472,0
314,64326,59244,0
315,58707,60739,0
316,65209,48392,0
317,49571,1126,0
318,64795,7285,0
319,54571,15664,0
320,57291,55856,0
321,36036,32056,0
322,42328,63922,0
323,50660,65320,0
324,40443,66772,0
325,13738,48970,0
326,8660,18820,0
327,47287,10765,0
328,28546,57496,0
329,16695,53756,0
330,4619,51978,0
331,4689,22760,0
332,18296,26063,0
333,477,59791,0
334,14584,4093,0
335,58135,15844,0
336,30209,34492,0
337,62709,66141,0
338,23702,37301,0
339,33781,34312,0
340,31310,13231,0
341,19960,9685,0
342,10903,25028,0
343,22734,11693,0
344,17975,34599,0
345,36134,30073,0
346,29408,22353,0
347,13586,64106,0
348,1396,26720,0
349,56010,26069,0
350,55178,45596,0
351,35440,2851,0
352,551,26398,0
353,57426,65112,0
354,7752,16309,0
355,37170,15834,0
356,8968,56915,0
357,65471,8636,0
358,53689,62823,0
359,44590,15941,0
360,42498,24934,0
361,45422,37494,0
362,42275,64212,0
363,28546,2417,0
364,23460,52852,0
365,34228,37325,0
366,50662,26155,0
367,59815,63075,0
368,14172,21718,0
369,63633,44315,0
370,6626,8693,0
371,68099,55012,0
372,19701,52724,0
373,38515,17213,0
374,49458,26485,0
375,15346,64357,0
376,251,32863,0
377,20458,40206,0
378,32755,3206,0
379,10930,67659,0
380,55961,47397,0
381,17935,42993,0
382,13920,63740,0
383,22674,37536,0
384,25820,44139,0
385,8631,16299,0
386,19255,55386,0
387,13073,38919,0
388,37313,48665,0
389,46662,59932,0
390,63734,62684,0
391,53286,33779,0
392,6955,3703,0
393,22545,66917,0
394,36724,48180,0
395,67947,29271,0
396,50041,13685,0
397,68321,25892,0
398,55325,31573,0
399,20331,63398,0
400,18538,56704,0
401,42183,51421,0
402,21334,46178,0
403,50344,54437,0
404,28443,26643,0
405,58763,23853,0
406,3729,8790,0
407,54182,60399,0
408,37778,20614,0
409,51884,32846,0
410,62107,10819,0
411,48779,60648,0
412,3225,14465,0
413,64648,15591,0
414,63816,54815,0
415,10087,33372,0
416,2451,32228,0
417,37809,17434,0
418,46301,39047,0
419,62395,52458,0
420,57919,35840,0
421,65593,66223,0
422,40023,5875,0
423,17288,21400,0
424,23170,5497,0
425,37521,24420,0
426,8294,9776,0
427,39864,7848,0
428,20039,24859,0
429,23329,22460,0
430,17058,29675,0
431,25176,9799,0
432,30261,31767,0
433,8626,21824,0
434,11138,18109,0
435,26596,33175,0
436,12375,36865,0
437,4726,21901,0
438,4939,19416,0
439,26734,2235,0
440,29146,31962,0
441,18933,8351,0
442,19639,3923,0
443,66391,64179,0
444,34175,23773,0
445,20128,16212,0
446,64632,19550,0
447,61610,35610,0
448,42531,16790,0
449,30598,51896,0
450,21358,63281,0
451,32301,1257,0
452,62842,3662,0
453,64257,58898,0
454,6762,14691,0
455,17402,47513,0
456,58722,32803,0
457,61384,63760,0
458,35600,56435,0
459,32097,39159,0
460,3297,50339,0
461,27557,38284,0
462,49569,14205,0
463,32668,62928,0
464,20476,61176,0
465,6059,25207,0
466,13499,61467,0
467,59659,19528,0
468,63308,1387,0
469,50008,30142,0
470,67536,18168,0
471,11224,32781,0
472,28440,59119,0
473,338,68176,0
474,46464,26356,0
475,16515,67299,0
476,6612,10282,0
477,50698,40276,0
478,38509,56633,0
479,28044,2176,0
480,43878,18753,0
481,21183,50686,0
482,54652,41671,0
483,13418,65142,0
484,21746,31577,0
485,48622,23998,0
486,50944,39743,0
487,59307,54327,0
488,43111,53697,0
489,26029,7026,0
490,19909,53163,0
491,22352,14541,0
492,46327,16355,0
493,22551,37852,0
494,2140,38634,0
495,22671,58279,0
496,22257,23352,0
497,14699,64161,0
498,40142,41264,0
499,26386,59750,0
500,54959,8007,0
501,22373,6397,0
502,56995,62813,0
503,38160,8908,0
504,49299,63755,0
505,53650,27809,0
506,148,55678,0
507,40428,47468,0
508,161,3858,0
509,58204,52376,0
510,54889,22814,0
511,10728,10337,0
512,47320,16708,0
513,65053,18427,0
514,20872,55632,0
515,40962,47112,0
516,36464,61070,0
517,20000,7377,0
518,30738,572,0
519,1176,55559,0
520,30669,1980,0
521,67276,61892,0
522,62810,63713,0
523,53083,61941,0
524,19972,28542,0
525,25805,58110,0
526,2233,27410,0
527,29516,55360,0
528,10949,47783,0
529,53082,187,0
530,45135,1937,0
531,49660,22068,0
532,50025,35027,0
533,14005,51936,0
534,9506,41879,0
535,58050,31710,0
536,41428,54546,0
537,37148,62500,0
538,11434,20859,0
539,1778,49357,0
540,64004,27031,0
541,45949,3229,0
542,2371,46151,0
543,58945,31268,0
544,46594,2302,0
545,24304,64582,0
546,20877,29033,0
547,43283,9834,0
548,64799,15794,0
549,40520,3663,0
550,23387,7174,0
551,58716,28645,0
552,25324,33867,0
553,10371,2753,0
554,46550,16407,0
555,63986,52445,0
556,59134,62047,0
557,41887,48063,0
558,11108,2916,0
559,22834,10708,0
560,33335,37578,0
561,49491,56819,0
562,29445,68167,0
563,64219,20902,0
564,59683,33544,0
565,20830,34438,0
566,4257,50183,0
567,4504,2509,0
568,58143,38312,0
569,67681,29249,0
570,12770,59861,0
571,63357,35242,0
572,65203,27687,0
573,44046,50524,0
574,51927,21687,0
575,43959,49702,0
576,25534,34521,0
577,67379,55437,0
578,32160,55630,0
579,10267,13377,0
580,46780,54372,0
581,1297,8108,0
582,37433,63881,0
583,67155,19523,0
584,50416,38919,0
585,68160,64548,0
586,15609,28688,0
587,30540,14104,0
588,25195,52704,0
589,65795,26413,0
590,28116,49749,0
591,5531,26181,0
592,28674,62209,0
593,39038,22297,0
594,61400,44478,0
595,9322,48699,0
596,31880,31903,0
597,28748,5354,0
598,50971,57667,0
599,67479,33500,0
600,13199,53395,0
601,19242,1896,0
602,48145,17586,0
603,58239,65941,0
604,5007,43594,0
605,67391,11675,0
606,57380,53516,0
607,67093,33495,0
608,26525,37402,0
609,37009,60264,0
610,44236,56264,0
611,29691,15277,0
612,10338,21285,0
613,4613,67328,0
614,29391,388,0
615,45776,15318,0
616,42509,47906,0
617,36267,40004,0
618,11924,55812,0
619,36285,58608,0
620,45738,21622,0
621,52442,68268,0
622,35716,13419,0
623,52292,29126,0
624,23699,33513,0
625,28790,64824,0
626,9053,35226,0
627,31727,10646,0
628,12798,19384,0
629,12076,62461,0
630,60074,41561,0
631,42246,417,0
632,25168,15169,0
633,18603,15375,0
634,53821,21006,0
635,68075,60159,0
636,29376,30797,0
637,9177,67506,0
638,8893,64749,0
639,5177,55753,0
640,17231,1914,0
641,10649,14115,0
642,46970,61201,0
643,59960,851,0
644,7331,27065,0
645,59487,55751,0
646,65565,8719,0
647,61384,48822,0
648,18971,54173,0
649,56310,8394,0
650,29146,66318,0
651,42829,5987,0
652,48287,57666,0
653,66261,39944,0
654,65912,58528,0
655,45281,53386,0
656,9185,41878,0
657,59585,56377,0
658,18809,11308,0
659,7234,12695,0
660,8297,18852,0
661,34102,16526,0
662,24079,32538,0
663,14683,31523,0
664,28135,34551,0
665,55488,14327,0
666,46802,38372,0
667,8125,25722,0
668,33827,41636,0
669,59552,54245,0
670,60132,62928,0
671,66349,19666,0
672,55738,6211,0
673,55241,7890,0
674,4457,51581,0
675,63498,3734,0
676,63749,50599,0
677,22563,10320,0
678,62533,45888,0
679,56989,5747,0
680,17373,14816,0
681,56543,25736,0
682,52771,46888,0
683,25944,59069,0
684,66080,3103,0
685,44400,25487,0
686,24487,31836,0
687,35816,15221,0
688,35588,54858,0
689,278,40423,0
690,34902,27787,0
691,36474,13905,0
692,61573,10956,0
693,49368,43428,0
694,21898,8296,0
695,31317,65200,0
696,57144,32327,0
697,31747,22357,0
698,59436,15446,0
699,65991,39984,0
700,52428,43542,0
701,2645,35253,0
702,14724,65102,0
703,56578,4451,0
704,53469,21194,0
705,55173,70,0
706,63806,36625,0
707,8611,15385,0
708,35828,57204,0
709,21601,66414,0
710,24199,35580,0
711,35246,25593,0
712,19393,30403,0
713,59485,35244,0
714,24810,38206,0
715,38599,9256,0
716,49882,37280,0
717,29495,41973,0
718,63805,37962,0
719,22151,32503,0
720,64437,26248,0
721,63021,14553,0
722,24185,48662,0
723,54931,20365,0
724,19751,5514,0
725,67072,2255,0
726,27378,18405,0
727,34682,67327,0
728,6219,11145,0
729,66647,38925,0
730,4167,14238,0
731,11124,39815,0
732,1644,19540,0
733,30222,38981,0
734,22080,14492,0
735,5598,42927,0
736,63039,64117,0
737,25727,38871,0
738,52355,6430,0
739,20429,48166,0
740,36157,40233,0
741,14390,38316,0
742,64884,54454,0
743,6769,21084,0
744,23474,43068,0
745,56598,59981,0
746,4440,39857,0
747,21046,32406,0
748,46548,43227,0
749,15938,3286,0
750,42310,42386,0
751,24316,11145,0
752,1222,17473,0
753,26481,8679,0
754,19178,2702,0
755,31218,37457,0
756,46798,52909,0
757,15555,49447,0
758,62810,19933,0
759,13026,16732,0
760,11915,65753,0
761,5552,55674,0
762,64907,27714,0
763,33876,62091,0
764,53651,7270,0
765,31237,40864,0
766,35451,25939,0
767,1791,328,0
768,13175,39294,0
769,11400,35634,0
770,2020,6651,0
771,16498,28823,0
772,4740,48901,0
773,6437,1347,0
774,35336,66984,0
775,38975,50470,0
776,23537,64031,0
777,22900,34816,0
778,61490,60598,0
779,7047,11588,0
780,64622,33231,0
781,67062,32520,0
782,49518,19214,0
783,39062,48681,0
784,67375,46512,0
785,34475,44774,0
786,46895,65745,0
787,53082,855,0
788,53707,66906,0
789,40100,23130,0
790,9474,40582,0
791,48489,11195,0
792,32151,6215,0
793,17872,52256,0
794,23561,53598,0
795,9060,14803,0
796,17641,9306,0
797,26175,23942,0
798,56744,27255,0
799,43180,7349,0
800,36870,14285,0
801,16843,54600,0
802,29831,22827,0
803,6115,9013,0
804,67491,36055,0
805,2753,28815,0
806,35620,37806,0
807,17421,7953,0
808,37441,35229,0
809,2862,11874,0
810,41012,2239,0
811,63677,58926,0
812,58725,67144,0
813,38597,27505,0
814,10659,3248,0
815,28169,38230,0
816,49747,51610,0
817,48844,13046,0
818,44174,11168,0
819,27137,18350,0
820,4759,12309,0
821,47275,10939,0
822,47231,42899,0
823,16998,16266,0
824,51287,38543,0
825,4823,13057,0
826,44121,58395,0
827,21558,31332,0
828,4597,24444,0
829,15026,64684,0
830,29688,5207,0
831,42492,38874,0
832,56314,17908,0
833,20082,10683,0
834,60639,38109,0
835,6939,39546,0
836,57412,33010,0
837,38188,55296,0
838,61889,38307,0
839,7272,30918,0
840,53477,41439,0
841,58298,26673,0
842,1712,31478,0
843,20880,13505,0
844,12751,38702,0
845,49372,36835,0
846,55823,15011,0
847,5027,29597,0
848,16908,56455,0
849,29273,66867,0
850,40376,7330,0
851,67252,32260,0
852,41145,41593,0
853,55882,12877,0
854,15263,43473,0
855,56015,17680,0
856,28566,26402,0
857,12331,3057,0
858,51181,26854,0
859,45162,55472,0
860,24427,2117,0
861,36215,15282,0
862,14044,52749,0
863,65113,15205,0
864,62893,11406,0
865,10324,61358,0
866,37433,30509,0
867,66040,5686,0
868,44254,50023,0
869,66683,62322,0
870,10489,52272,0
871,59980,17969,0
872,67725,64349,0
873,43996,31752,0
874,16927,60280,0
875,55825,49370,0
876,25778,62129,0
877,32651,20817,0
878,39443,54764,0
879,48983,55442,0
880,21182,15452,0
881,65890,39235,0
882,21155,58919,0
883,43611,57533,0
884,13322,5146,0
885,18124,41165,0
886,45491,36630,0
887,62149,67684,0
888,18147,20406,0
889,13467,48654,0
890,59142,44189,0
891,34512,19126,0
892,42857,64772,0
893,6647,6492,0
894,17447,17788,0
895,46523,13217,0
896,48215,55797,0
897,55417,46084,0
898,42970,48895,0
899,18096,12699,0
900,26846,48641,0
901,15985,47675,0
902,11468,46147,0
903,4981,34006,0
904,57657,8200,0
905,18786,23953,0
906,34770,12495,0
907,28032,20372,0
908,63617,31212,0
909,18409,52857,0
910,9947,17743,0
911,53484,54792,0
912,47462,59452,0
913,12562,19475,0
914,2810,68024,0
915,63959,18863,0
916,45902,31735,0
917,10612,9027,0
918,49671,41284,0
919,45767,6932,0
920,52965,53091,0
921,24658,24790,0
922,12283,55737,0
923,14689,13923,0
924,58891,51347,0
925,25751,24205,0
926,18972,46689,0
927,31348,9176,0
928,38311,2292,0
929,49540,11221,0
930,3174,44604,0
931,40946,4933,0
932,52095,12556,0
933,14604,54913,0
934,28099,12344,0
935,22827,2547,0
936,32909,8975,0
937,46515,56819,0
938,39655,25539,0
939,40143,31950,0
940,41111,12958,0
941,31283,7668,0
942,3086,26684,0
943,29392,31872,0
944,16569,62077,0
945,13709,46229,0
946,45144,35807,0
947,42276,20368,0
948,47320,67630,0
949,16440,30642,0
950,24529,43123,0
951,13351,57643,0
952,8617,23916,0
953,63370,49904,0
954,54853,13912,0
955,57134,44478,0
956,51374,29642,0
957,15800,19774,0
958,30363,65370,0
959,23769,59210,0
960,42384,37934,0
961,5950,36055,0
962,53360,19937,0
963,12314,62063,0
964,12938,46510,0
965,24844,1144,0
966,56001,53392,0
967,24483,18971,0
968,64295,26539,0
969,32679,13091,0
970,19412,16348,0
971,30313,41360,0
972,16572,41509,0
973,23423,45902,0
974,63282,49833,0
975,63170,56107,0
976,41256,11938,0
977,15438,1594,0
978,31670,5262,0
979,1290,763,0
980,48652,60627,0
981,37328,35864,0
982,23267,21439,0
983,59850,57070,0
984,60696,15824,0
985,22679,57708,0
986,57956,41858,0
987,35510,2041,0
988,28963,5314,0
989,15885,22831,0
990,47778,58515,0
991,5069,62199,0
992,36129,44629,0
993,606,65279,0
994,49509,62983,0
995,25092,32175,0
996,15794,56398,0
997,46919,16725,0
998,47729,17704,0
999,14358,11735,0
1000,51645,41277,0
1001,47218,25124,0
1002,20130,41178,0
1003,3213,24219,0
1004,26333,1943,0
1005,39265,2304,0
1006,6060,8230,0
1007,2090,42634,0
1008,21121,4917,0
1009,62141,39208,0
1010,14113,54603,0
1011,40964,68320,0
1012,54994,43324,0
1013,10827,678,0
1014,18536,35302,0
1015,6331,64826,0
1016,55509,9301,0
1017,26419,51814,0
1018,21787,56394,0
1019,35182,27404,0
1020,37910,65347,0
1021,10305,31146,0
1022,64114,26885,0
1023,63214,3355,0
1024,47382,55952,0
1025,5660,15892,0
1026,13640,9811,0
1027,34875,31991,0
1028,29838,24390,0
1029,17313,61678,0
1030,44928,6474,0
1031,63782,50822,0
1032,6541,59327,0
1033,22038,26113,0
1034,11056,3466,0
1035,40476,36058,0
1036,39803,53231,0
1037,31482,1330,0
1038,38168,54118,0
1039,39818,12561,0
1040,40930,50389,0
1041,50474,47829,0
1042,10936,46593,0
1043,55566,44243,0
1044,18263,9427,0
1045,50580,54620,0
1046,21263,53907,0
1047,49527,32939,0
1048,22291,5437,0
1049,49579,27868,0
1050,62912,5811,0
1051,15832,47907,0
1052,17591,64923,0
1053,59049,40594,0
1054,19853,46517,0
1055,47188,37701,0
1056,66245,53889,0
1057,38121,23823,0
1058,56701,23272,0
1059,20543,65495,0
1060,58860,64924,0
1061,7583,19244,0
1062,13329,47377,0
1063,25480,32311,0
1064,29666,5379,0
1065,26799,35413,0
1066,44775,19791,0
1067,57192,3006,0
1068,57682,14764,0
1069,44289,45796,0
1070,64980,45683,0
1071,22266,63795,0
1072,53462,6400,0
1073,26833,13944,0
1074,60182,28018,0
1075,58005,34176,0
1076,18442,59709,0
1077,50687,29395,0
1078,15010,10976,0
1079,25388,47495,0
1080,63022,29692,0
1081,32389,44927,0
1082,50523,45783,0
1083,52577,49044,0
1084,7336,54882,0
1085,7894,28821,0
1086,3378,26844,0
1087,34065,2954,0
1088,40694,32908,0
1089,59999,6843,0
1090,15608,43882,0
1091,59202,26660,0
1092,28185,36192,0
1093,6034,33792,0
1094,2469,45851,0
1095,46673,67532,0
1096,66628,17725,0
1097,53627,56095,0
1098,18515,18225,0
1099,57682,7654,0
1100,60284,29300,0
1101,42923,62542,0
1102,33631,47343,0
1103,68081,5115,0
1104,32605,42163,0
1105,31368,21385,0
1106,11503,63635,0
1107,2251,12270,0
1108,53899,60189,0
1109,38214,35751,0
1110,4974,10228,0
1111,44521,1855,0
1112,29854,2713,0
1113,60274,57307,0
1114,49968,8707,0
1115,47398,1407,0
1116,2918,64010,0
1117,47366,62425,0
1118,61224,50968,0
1119,31659,59061,0
1120,46104,19247,0
1121,26799,35640,0
1122,42566,44262,0
1123,21,28408,0
1124,58943,18208,0
1125,6440,48082,0
1126,52768,36399,0
1127,939,28361,0
1128,63614,39810,0
1129,61885,21852,0
1130,59098,52062,0
1131,13838,17235,0
1132,63690,35157,0
1133,11193,40642,0
1134,46831,57136,0
1135,37750,2928,0
1136,9727,8323,0
1137,53147,34155,0
1138,7503,29427,0
1139,30346,12624,0
1140,5945,27991,0
1141,20996,21649,0
1142,19471,27610,0
1143,35786,54476,0
1144,6509,11750,0
1145,18036,35175,0
1146,29981,1477,0
1147,37127,1847,0
1148,36974,55390,0
1149,16535,6330,0
1150,9053,53833,0
1151,63354,37115,0
1152,25801,50930,0
1153,19515,10335,0
1154,3760,49204,0
1155,53900,43521,0
1156,28186,20411,0
1157,16193,40445,0
1158,41774,67100,0
1159,18548,52837,0
1160,5788,38814,0
1161,35973,60164,0
1162,20501,5071,0
1163,38853,4238,0
1164,16422,62187,0
1165,3243,28980,0
1166,62369,40789,0
1167,17754,24167,0
1168,64205,29033,0
1169,54475,20010,0
1170,13262,62769,0
1171,28213,16223,0
1172,62139,67332,0
1173,2314,48321,0
1174,27268,44326,0
1175,25494,5401,0
1176,46690,19038,0
1177,17467,55305,0
1178,39480,38831,0
1179,7872,1314,0
1180,7983,43345,0
1181,10207,50378,0
1182,54347,64378,0
1183,59255,54703,0
1184,30429,15671,0
1185,21447,50551,0
1186,15320,24525,0
1187,24485,29376,0
1188,8318,1681,0
1189,38788,21008,0
1190,9993,17861,0
1191,67952,53271,0
1192,48789,10833,0
1193,10254,11892,0
1194,46178,3477,0
1195,36921,33787,0
1196,7406,8805,0
1197,27751,49359,0
1198,60033,63390,0
1199,48187,44481,0
1200,23340,51886,0
1201,58215,64896,0
1202,50212,50240,0
1203,24502,19652,0
1204,34744,41666,0
1205,55356,7833,0
1206,59819,50525,0
1207,42393,11647,0
1208,11005,19570,0
1209,15942,56370,0
1210,27454,62985,0
1211,40600,7194,0
1212,48542,9017,0
1213,260,24078,0
1214,16149,39139,0
1215,34032,43946,0
1216,47958,38776,0
1217,54662,35195,0
1218,7104,25356,0
1219,14428,37646,0
1220,11451,26318,0
1221,67054,63680,0
1222,17256,14677,0
1223,46320,46951,0
1224,15075,31038,0
1225,13274,57816,0
1226,60366,65989,0
1227,53708,46974,0
1228,18940,7185,0
1229,51626,26559,0
1230,31799,41275,0
1231,64498,59283,0
1232,28673,37967,0
1233,1328,16708,0
1234,47160,55092,0
1235,8474,16403,0
1236,11205,29736,0
1237,39586,39889,0
1238,34873,31147,0
1239,2399,65083,0
1240,11935,34567,0
1241,31754,22156,0
1242,29017,19192,0
1243,44011,17882,0
1244,61641,14029,0
1245,57826,35840,0
1246,63423,16528,0
1247,59824,65222,0
1248,44114,45275,0
1249,31571,13062,0
1250,22672,8212,0
1251,61948,6601,0
1252,59186,58999,0
1253,57430,19109,0
1254,17977,24947,0
1255,14302,19798,0
1256,27480,23332,0
1257,20533,56796,0
1258,23614,52414,0
1259,66901,67336,0
1260,63656,52470,0
1261,32265,45994,0
1262,22998,1221,0
1263,28417,62916,0
1264,13690,3238,0
1265,61885,3113,0
1266,43994,61989,0
1267,26549,32135,0
1268,37983,30018,0
1269,23135,65457,0
1270,49798,5336,0
1271,30887,67126,0
1272,9277,56609,0
1273,4569,44498,0
1274,29820,64375,0
1275,67912,39101,0
1276,32306,4416,0
1277,45015,37013,0
1278,9599,5543,0
1279,9846,58835,0
1280,44722,38607,0
1281,9646,424,0
1282,45738,1834,0
1283,67226,26045,0
1284,66725,58531,0
1285,31591,7566,0
1286,40232,33949,0
1287,16684,32040,0
1288,50988,35907,0
1289,6346,65937,0
1290,65237,50031,0
1291,7046,40943,0
1292,42178,53338,0
1293,58942,6159,0
1294,66219,18060,0
1295,20602,6871,0
1296,34336,18542,0
1297,33593,33225,0
1298,27135,16100,0
1299,3714,44673,0
1300,4546,42582,0
1301,55490,6310,0
1302,29306,38093,0
1303,22210,36328,0
1304,28229,16453,0
1305,39092,43344,0
1306,1316,56918,0
1307,33859,31238,0
1308,39477,14101,0
1309,5847,19359,0
1310,26643,44061,0
1311,61200,28105,0
1312,48930,30212,0
1313,30429,33549,0
1314,24310,63367,0
1315,40722,20094,0
1316,58210,11801,0
1317,67565,10589,0
1318,91,43610,0
1319,34648,56468,0
1320,29139,55398,0
1321,13366,21633,0
1322,41741,38596,0
1323,32937,15586,0
1324,39892,24342,0
1325,62843,13194,0
1326,61889,36735,0
1327,11906,29070,0
1328,48256,53356,0
1329,53220,61885,0
1330,53901,1184,0
1331,36244,52152,0
1332,30800,60189,0
1333,9573,8447,0
1334,3401,54041,0
1335,21086,51941,0
1336,18825,879,0
1337,55782,9146,0
1338,16812,34788,0
1339,8406,59466,0
1340,40889,13162,0
1341,19107,893,0
1342,738,15763,0
1343,19217,18671,0
1344,54560,24580,0
1345,66645,10274,0
1346,57480,21700,0
1347,62212,10879,0
1348,38816,26203,0
1349,40552,53597,0
1350,64648,30727,0
1351,38467,26872,0
1352,45319,38747,0
1353,5046,14490,0
1354,43865,8726,0
1355,48982,62501,0
1356,8625,19172,0
1357,62382,55828,0
1358,25527,36855,0
1359,49527,55405,0
1360,12322,23864,0
1361,22366,4303,0
1362,61966,67985,0
1363,62315,4716,0
1364,8046,14226,0
1365,3301,49483,0
1366,67426,1631,0
1367,30594,6292,0
1368,65912,32714,0
1369,39055,15999,0
1370,2650,23394,0
1371,25549,18331,0
1372,68335,56437,0
1373,46223,55117,0
1374,52493,10968,0
1375,59114,31199,0
1376,40404,55398,0
1377,61887,15568,0
1378,40397,497,0
1379,37870,26035,0
1380,19392,4891,0
1381,20988,17654,0
1382,38305,57875,0
1383,11901,28310,0
1384,54252,46615,0
1385,43003,56594,0
1386,59939,10849,0
1387,17369,16149,0
1388,31306,43848,0
1389,43783,18816,0
1390,5373,52426,0
1391,53595,54974,0
1392,2476,65838,0
1393,22238,49371,0
1394,8581,68044,0
1395,27535,16232,0
1396,4941,65859,0
1397,37133,64527,0
1398,33228,7443,0
1399,12121,63665,0
1400,62886,62479,0
1401,50458,61785,0
1402,68208,27562,0
1403,20778,47156,0
1404,61664,32378,0
1405,60431,18624,0
1406,27838,20098,0
1407,43779,41636,0
1408,67370,22833,0
1409,59281,8548,0
1410,27007,42315,0
1411,31417,604,0
1412,12449,67901,0
1413,60407,44379,0
1414,60561,53353,0
1415,59589,59442,0
1416,52765,36525,0
1417,28429,61382,0
1418,25151,44083,0
1419,42056,64783,0
1420,65114,46779,0
1421,31527,37953,0
1422,7309,3523,0
1423,5681,9570,0
1424,57249,52852,0
1425,7218,32049,0
1426,59268,31301,0
1427,47212,44753,0
1428,3426,47093,0
1429,49943,25596,0
1430,21153,65587,0
1431,53676,38160,0
1432,42178,12242,0
1433,64585,43584,0
1434,15930,64780,0
1435,29203,26665,0
1436,10252,52205,0
1437,64024,46587,0
1438,13050,19593,0
1439,57830,6068,0
1440,49721,48079,0
1441,14517,19845,0
1442,35909,41466,0
1443,40071,7668,0
1444,42636,64533,0
1445,34516,38336,0
1446,18284,40022,0
1447,31507,2379,0
1448,14950,24768,0
1449,24841,23312,0
1450,63242,16862,0
1451,12025,49701,0
1452,35430,28045,0
1453,49886,41164,0
1454,794,49380,0
1455,18487,50507,0
1456,5149,63574,0
1457,19314,63624,0
1458,39150,50033,0
1459,65258,51338,0
1460,27992,51784,0
1461,13330,48677,0
1462,17573,29301,0
1463,54573,3928,0
1464,24112,29328,0
1465,34102,41749,0
1466,19150,50790,0
1467,45129,1054,0
1468,53988,22553,0
1469,30427,47547,0
1470,22214,56785,0
1471,30484,29909,0
1472,13829,14354,0
1473,17306,61338,0
1474,59997,46542,0
1475,19349,66473,0
1476,822,47370,0
1477,31878,18213,0
1478,38198,42307,0
1479,13653,13060,0
1480,63845,68127,0
1481,50854,21905,0
1482,8405,14008,0
1483,47215,54549,0
1484,14447,34567,0
1485,51802,21105,0
1486,63776,56643,0
1487,5476,31164,0
1488,55326,62380,0
1489,21166,14535,0
1490,27019,59551,0
1491,54662,58574,0
1492,48812,46521,0
1493,6359,38002,0
1494,55132,3328,0
1495,61513,66389,0
1496,64050,4173,0
1497,67004,15261,0
1498,19499,5959,0
1499,67623,13481,0
1500,23279,32344,0
1501,28283,29219,0
1502,7428,7501,0
1503,39416,22024,0
1504,44638,47756,0
1505,31757,54138,0
1506,18500,60058,0
1507,37584,1552,0
1508,37559,1497,0
1509,8572,51767,0
1510,18224,4970,0
1511,64274,49827,0
1512,54491,17240,0
1513,48452,9199,0
1514,25748,64839,0
1515,6898,34262,0
1516,31372,48744,0
1517,15815,12966,0
1518,51210,22124,0
1519,21112,41440,0
1520,46334,42752,0
1521,17714,47723,0
1522,23798,7569,0
1523,47728,58211,0
1524,58751,12429,0
1525,30944,67601,0
1526,15381,6964,0
1527,32679,51327,0
1528,55771,50525,0
1529,17335,61485,0
1530,20326,17137,0
1531,1184,41780,0
1532,17785,59432,0
1533,63526,19189,0
1534,14641,19420,0
1535,53213,36903,0
1536,65361,23400,0
1537,67638,58039,0
1538,41044,63471,0
1539,2969,56806,0
1540,15776,40963,0
1541,43765,23189,0
1542,47510,31318,0
1543,12598,26375,0
1544,44479,76,0
1545,48269,2655,0
1546,51615,19040,0
1547,47018,37726,0
1548,25510,48127,0
1549,41934,3402,0
1550,6410,67566,0
1551,31760,57913,0
1552,6246,20587,0
1553,297,43103,0
1554,469,20744,0
1555,23355,42556,0
1556,39312,49370,0
1557,17738,26937,0
1558,15611,16141,0
1559,67062,37686,0
1560,24079,2547,0
1561,60022,57554,0
1562,5019,64488,0
1563,63694,29628,0
1564,58426,17218,0
1565,24638,43312,0
1566,29171,54556,0
1567,32693,19540,0
1568,28902,39671,0
1569,64884,34828,0
1570,53101,42417,0
1571,52215,17915,0
1572,4735,29651,0
1573,28430,12175,0
1574,7936,45948,0
1575,10230,9333,0
1576,21418,33548,0
1577,8524,40036,0
1578,46449,61046,0
1579,43172,66650,0
1580,2402,36622,0
1581,42245,5193,0
1582,5627,26664,0
1583,7120,22838,0
1584,37021,42911,0
1585,14326,11808,0
1586,12956,13003,0
1587,28995,9334,0
1588,67226,28128,0
1589,49945,52161,0
1590,18923,6947,0
1591,60685,8198,0
1592,49209,63567,0
1593,4267,27106,0
1594,24470,20456,0
1595,33170,63444,0
1596,42986,33679,0
1597,27186,47625,0
1598,24314,555,0
1599,22320,4515,0
1600,67545,4439,0
1601,55769,40010,0
1602,31381,39007,0
1603,55549,31451,0
1604,6511,23104,0
1605,8681,51976,0
1606,22455,27799,0
1607,61061,41649,0
1608,9248,1710,0
1609,6112,7350,0
1610,43419,10604,0
1611,17078,55652,0
1612,54235,67014,0
1613,55689,4044,0
1614,11542,26134,0
1615,68056,24043,0
1616,17663,65438,0
1617,36443,20323,0
1618,13548,37165,0
1619,51944,21513,0
1620,7142,40108,0
1621,24619,61014,0
1622,32653,43004,0
1623,31338,3689,0
1624,29449,39823,0
1625,34954,46638,0
1626,28233,46118,0
1627,59770,42327,0
1628,49676,56107,0
1629,61837,61887,0
1630,1470,50461,0
1631,2065,1614,0
1632,67952,14522,0
1633,58724,42367,0
1634,42116,40204,0
1635,31053,23826,0
1636,51067,40089,0
1637,45644,50908,0
1638,44278,37652,0
1639,43994,35789,0
1640,30413,36701,0
1641,1115,32150,0
1642,47224,53017,0
1643,5695,62090,0
1644,6286,2534,0
1645,21889,460,0
1646,26989,41862,0
1647,28589,46322,0
1648,18341,23724,0
1649,45170,65627,0
1650,52837,42041,0
1651,7753,45971,0
1652,2066,11931,0
1653,57683,29697,0
1654,31718,67646,0
1655,23618,25649,0
1656,29166,63029,0
1657,30128,6405,0
1658,48359,12175,0
1659,38419,25372,0
1660,56519,17118,0
1661,18855,51085,0
1662,62743,28866,0
1663,4006,2047,0
1664,12771,10568,0
1665,50355,216,0
1666,9753,8772,0
1667,34702,68372,0
1668,17373,2170,0
1669,60561,67199,0
1670,33370,9686,0
1671,1209,54668,0
1672,31607,9740,0
1673,20838,21282,0
1674,64632,5913,0
1675,53671,49968,0
1676,23982,58512,0
1677,18715,25764,0
1678,53528,35732,0
1679,44245,33717,0
1680,64168,19771,0
1681,11568,1634,0
1682,67554,41849,0
1683,838,13134,0
1684,50733,24974,0
1685,10615,12998,0
1686,37910,59944,0
1687,37955,11146,0
1688,55265,15663,0
1689,34827,46896,0
1690,25705,45171,0
1691,52375,15387,0
1692,38016,51931,0
1693,67798,51236,0
1694,63028,30409,0
1695,642,45995,0
1696,37887,32860,0
1697,19964,61105,0
1698,27427,59117,0
1699,48331,11453,0
1700,61828,23206,0
1701,1576,37502,0
1702,7339,63950,0
1703,53855,53171,0
1704,38285,15253,0
1705,1993,64395,0
1706,19407,67750,0
1707,52145,44246,0
1708,53636,28275,0
1709,12742,4654,0
1710,2927,63980,0
1711,66696,56437,0
1712,55425,37479,0
1713,3784,9224,0
1714,60843,28477,0
1715,45616,40380,0
1716,61767,10229,0
1717,21356,36130,0
1718,21775,44165,0
1719,16127,66765,0
1720,43761,63789,0
1721,16329,24059,0
1722,26591,309,0
1723,3499,49287,0
1724,22841,4965,0
1725,67183,53064,0
1726,5946,25526,0
1727,39498,48452,0
1728,56674,35692,0
1729,17571,51990,0
1730,56057,63610,0
1731,50425,32234,0
1732,12958,27555,0
1733,37882,29988,0
1734,54435,20723,0
1735,19222,21169,0
1736,18579,36705,0
1737,50971,9172,0
1738,23167,44351,0
1739,16072,43385,0
1740,67511,41066,0
1741,38612,61028,0
1742,13038,33529,0
1743,28223,11916,0
1744,2239,67919,0
1745,52025,3693,0
1746,2196,58185,0
1747,29811,66887,0
1748,25655,38761,0
1749,64957,55858,0
1750,67588,61281,0
1751,34702,26066,0
1752,42238,28395,0
1753,52558,42517,0
1754,17212,47494,0
1755,59674,25238,0
1756,12776,2515,0
1757,49560,16447,0
1758,23876,5437,0
1759,24319,18343,0
1760,46765,13311,0
1761,55851,25875,0
1762,51676,29750,0
1763,67997,43992,0
1764,65851,11259,0
1765,22903,51522,0
1766,35265,51872,0
1767,6668,28980,0
1768,41821,38578,0
1769,6113,16012,0
1770,3915,35971,0
1771,47685,49926,0
1772,28962,29249,0
1773,50648,46595,0
1774,50528,60766,0
1775,43878,53626,0
1776,16148,26303,0
1777,64421,57778,0
1778,15558,3951,0
1779,30321,6407,0
1780,51181,13767,0
1781,35893,35615,0
1782,29235,54826,0
1783,55738,30649,0
1784,12204,61300,0
1785,66427,21409,0
1786,26918,15773,0
1787,2330,29039,0
1788,45188,57429,0
1789,31972,24571,0
1790,7019,32931,0
1791,15494,42776,0
1792,46121,32610,0
1793,35732,14467,0
1794,32598,29348,0
1795,10528,4514,0
1796,46372,61349,0
1797,22258,26421,0
1798,38861,46174,0
1799,39171,3280,0
1800,24595,48126,0
1801,9542,18693,0
1802,47337,52863,0
1803,37716,20546,0
1804,57211,27356,0
1805,40510,56432,0
1806,65932,47822,0
1807,12361,9436,0
1808,2180,56331,0
1809,27039,12514,0
1810,27027,20323,0
1811,40190,31011,0
1812,12069,63628,0
1813,31317,16545,0
1814,3780,52394,0
1815,24450,13249,0
1816,34384,49706,0
1817,58187,29042,0
1818,37018,49241,0
1819,52332,59449,0
1820,34578,6872,0
1821,23865,57802,0
1822,567,53581,0
1823,37372,53250,0
1824,52308,19617,0
1825,23728,13637,0
1826,3440,23789,0
1827,44961,50122,0
1828,56649,58641,0
1829,63156,48189,0
1830,57538,40194,0
1831,64039,25563,0
1832,18489,34621,0
1833,44367,57204,0
1834,9141,25197,0
1835,55105,43589,0
1836,3187,49327,0
1837,57036,59426,0
1838,42758,2339,0
1839,15065,6975,0
1840,34798,34524,0
1841,63087,44230,0
1842,53126,12388,0
1843,53551,37535,0
1844,63875,59074,0
1845,25178,39511,0
1846,39522,44370,0
1847,44350,52845,0
1848,51858,33699,0
1849,49745,14425,0
1850,12975,64644,0
1851,54780,58595,0
1852,31736,43930,0
1853,29579,17417,0
1854,48077,20519,0
1855,15016,30609,0
1856,38035,42134,0
1857,58882,67863,0
1858,21570,12383,0
1859,2198,56912,0
1860,4024,60767,0
1861,10099,37610,0
1862,37310,21101,0
1863,49994,7561,0
1864,48537,16965,0
1865,26792,17532,0
1866,29714,7042,0
1867,19843,20560,0
1868,9938,37456,0
1869,50357,47284,0
1870,29479,41546,0
1871,20046,24327,0
1872,13578,22232,0
1873,47709,44164,0
1874,5694,59941,0
1875,57674,31847,0
1876,61383,51000,0
1877,14647,33373,0
1878,37740,63598,0
1879,55540,62121,0
1880,15878,10862,0
1881,64174,557,0
1882,26230,61344,0
1883,38606,65643,0
1884,18351,41964,0
1885,53288,18927,0
1886,10835,29685,0
1887,66071,23565,0
1888,34942,62286,0
1889,45072,3280,0
1890,41455,4305,0
1891,40795,25229,0
1892,59890,23597,0
1893,15323,2299,0
1894,65192,58074,0
1895,51520,12457,0
1896,21805,13014,0
1897,67413,39920,0
1898,43048,52238,0
1899,9494,23306,0
1900,61727,10779,0
1901,7363,50071,0
1902,38679,3397,0
1903,2162,19636,0
1904,7352,57494,0
1905,8241,3496,0
1906,30397,49357,0
1907,4091,968,0
1908,44576,16493,0
1909,20346,56246,0
1910,21835,26529,0
1911,17929,8823,0
1912,58908,3881,0
1913,49382,34375,0
1914,57785,39461,0
1915,2611,5490,0
1916,34664,52639,0
1917,5975,5613,0
1918,10415,64408,0
1919,25444,4168,0
1920,67992,29606,0
1921,8762,65106,0
1922,17,21211,0
1923,31527,43131,0
1924,49203,37058,0
1925,67801,66248,0
1926,3726,7798,0
1927,6045,41618,0
1928,28672,64591,0
1929,48896,25347,0
1930,55889,46134,0
1931,8361,65847,0
1932,46105,6758,0
1933,16823,30742,0
1934,39506,64239,0
1935,56598,51018,0
1936,19313,60342,0
1937,64177,31897,0
1938,28381,54304,0
1939,25288,54550,0
1940,29032,45920,0
1941,9180,9944,0
1942,54602,42944,0
1943,15090,60228,0
1944,6159,47121,0
1945,65655,64354,0
1946,8177,40957,0
1947,53709,23341,0
1948,6961,66576,0
1949,25308,32229,0
1950,35015,25143,0
1951,509,37842,0
1952,5725,60724,0
1953,21093,15138,0
1954,56944,62028,0
1955,23609,31954,0
1956,44721,22420,0
1957,6380,25720,0
1958,32506,27581,0
1959,34497,53191,0
1960,341,54432,0
1961,23340,44018,0
1962,9287,11365,0
1963,52262,13283,0
1964,52203,32759,0
1965,48178,31340,0
1966,56242,6959,0
1967,47719,18728,0
1968,56771,17098,0
1969,48792,16212,0
1970,39619,4845,0
1971,60009,67515,0
1972,5090,63031,0
1973,15078,48335,0
1974,56361,9524,0
1975,39054,47207,0
1976,17711,23650,0
1977,44034,56513,0
1978,11468,2571,0
1979,50816,19039,0
1980,31685,55277,0
1981,6014,56205,0
1982,50973,62062,0
1983,36005,11414,0
1984,34160,47898,0
1985,45471,19769,0
1986,40465,2845,0
1987,39944,52552,0
1988,65912,13099,0
1989,37612,65665,0
1990,59959,34666,0
1991,10794,23338,0
1992,10594,62845,0
1993,59823,2857,0
1994,12599,65530,0
1995,22023,49968,0
1996,14538,18629,0
1997,8444,16122,0
1998,66277,56073,0
1999,19827,54372,0
2000,9019,28245,0
2001,49925,67518,0
2002,36295,41890,0
2003,24844,8401,0
2004,41901,18757,0
2005,8350,26060,0
2006,20993,7584,0
2007,53638,12560,0
2008,67499,4903,0
2009,38269,6535,0
2010,37845,60496,0
2011,40434,42351,0
2012,16237,10980,0
2013,57380,27997,0
2014,60366,46113,0
2015,49925,30437,0
2016,68122,49200,0
2017,12771,60524,0
2018,35569,54968,0
2019,48661,25906,0
2020,30260,37558,0
2021,36071,27679,0
2022,50054,33096,0
2023,22800,35528,0
2024,37566,35270,0
2025,65344,5523,0
2026,31446,27071,0
2027,16676,9576,0
2028,21224,1068,0
2029,28934,48866,0
2030,16120,64847,0
2031,18360,61887,0
2032,35808,3949,0
2033,11249,42123,0
2034,18206,3505,0
2035,48454,16732,0
2036,65757,58539,0
2037,29765,31753,0
2038,41939,25869,0
2039,32907,61312,0
2040,8166,58452,0
2041,38069,50742,0
2042,2526,47877,0
2043,4414,19591,0
2044,3407,44656,0
2045,17442,38596,0
2046,18930,68176,0
2047,31383,49339,0
2048,32828,15716,0
2049,2098,61322,0
2050,38166,60298,0
2051,35605,53905,0
2052,6576,44969,0
2053,22960,9640,0
2054,32912,65339,0
2055,25558,2292,0
2056,6291,1168,0
2057,57972,9404,0
2058,32917,30291,0
2059,26031,33585,0
2060,54987,16587,0
2061,2843,27413,0
2062,7774,18699,0
2063,55181,51522,0
2064,55256,11512,0
2065,29609,46568,0
2066,14863,46850,0
2067,35884,22923,0
2068,2395,2648,0
2069,33777,1437,0
2070,27307,51785,0
2071,62551,38565,0
2072,68115,27690,0
2073,35955,65422,0
2074,17022,43462,0
2075,10111,42585,0
2076,47577,16710,0
2077,3115,17658,0
2078,5572,32542,0
2079,37758,64456,0
2080,54472,48828,0
2081,12914,8653,0
2082,43420,22196,0
2083,45880,57267,0
2084,52508,44559,0
2085,51843,64869,0
2086,33688,4106,0
2087,5072,42593,0
2088,43880,22124,0
2089,45549,35142,0
2090,34779,4002,0
2091,47685,37689,0
2092,65857,1699,0
2093,40516,41599,0
2094,7581,18243,0
2095,67738,4214,0
2096,15727,58610,0
2097,10558,16794,0
2098,9863,55536,0
2099,16619,34355,0
2100,42508,61021,0
2101,20838,38271,0
2102,30452,48465,0
2103,23825,39528,0
2104,22137,22996,0
2105,45326,29162,0
2106,58600,12500,0
2107,2777,52348,0
2108,1288,5305,0
2109,37377,11204,0
2110,35418,6506,0
2111,41968,59489,0
2112,45190,8075,0
2113,28832,42196,0
2114,57248,20164,0
2115,56259,36395,0
2116,37781,7398,0
2117,29490,3492,0
2118,45119,2820,0
2119,2360,66954,0
2120,33681,58320,0
2121,57388,46796,0
2122,63754,16782,0
2123,17429,20474,0
2124,58742,66173,0
2125,17510,12051,0
2126,22724,55290,0
2127,44203,30604,0
2128,60806,53785,0
2129,46012,23464,0
2130,31610,25934,0
2131,18944,34390,0
2132,3908,42020,0
2133,65876,37620,0
2134,34900,6899,0
2135,18049,41162,0
2136,38460,31897,0
2137,41661,19626,0
2138,6121,52207,0
2139,62880,22149,0
2140,63138,28050,0
2141,65319,13469,0
2142,61550,66585,0
2143,7847,1847,0
2144,50456,46679,0
2145,46096,22130,0
2146,22421,34223,0
2147,63403,1351,0
2148,30255,27111,0
2149,57762,15287,0
2150,39617,47921,0
2151,57206,25965,0
2152,14438,10832,0
2153,10967,59538,0
2154,39804,13362,0
2155,50558,60312,0
2156,1222,28926,0
2157,41595,18806,0
2158,17120,2663,0
2159,7654,20942,0
2160,20613,46946,0
2161,64544,63292,0
2162,40393,53701,0
2163,57661,66909,0
2164,40982,2952,0
2165,37066,4679,0
2166,2127,30968,0
2167,66584,1584,0
2168,37388,56522,0
2169,66274,57479,0
2170,16346,37692,0
2171,47617,46729,0
2172,28476,28924,0
2173,49088,61604,0
2174,2377,22374,0
2175,19793,15550,0
2176,11848,52089,0
2177,5851,999,0
2178,25559,24971,0
2179,58864,20922,0
2180,60405,61259,0
2181,19690,3539,0
2182,45576,9246,0
2183,66281,54271,0
2184,28880,16036,0
2185,35967,60012,0
2186,64385,24909,0
2187,30934,56059,0
2188,65321,34120,0
2189,14968,41458,0
2190,48407,25473,0
2191,19964,53921,0
2192,37093,5462,0
2193,50971,67728,0
2194,39858,9972,0
2195,42950,55846,0
2196,58275,44084,0
2197,22683,7961,0
2198,37346,19925,0
2199,39856,40018,0
2200,18505,35187,0
2201,48294,315,0
2202,25425,54518,0
2203,769,13564,0
2204,3989,55287,0
2205,64651,17594,0
2206,12001,49367,0
2207,18808,10792,0
2208,138,30166,0
2209,37593,1309,0
2210,14597,45835,0
2211,33601,65342,0
2212,47677,68377,0
2213,52361,43097,0
2214,41924,53222,0
2215,323,33097,0
2216,34505,59046,0
2217,6246,15844,0
2218,52139,55476,0
2219,31543,808,0
2220,38297,43732,0
2221,33887,67108,0
2222,58725,53012,0
2223,18338,61060,0
2224,14132,19902,0
2225,54543,18200,0
2226,35594,17996,0
2227,34506,23792,0
2228,6369,1103,0
2229,48994,3762,0
2230,32010,23158,0
2231,14438,7319,0
2232,34258,35883,0
2233,4069,19324,0
2234,66808,44848,0
2235,52475,1262,0
2236,51713,55729,0
2237,57894,41815,0
2238,5244,46345,0
2239,41188,37304,0
2240,53247,33920,0
2241,54569,28671,0
2242,32760,42869,0
2243,6602,29496,0
2244,39338,47507,0
2245,51172,19425,0
2246,56997,1577,0
2247,33152,28306,0
2248,29827,54898,0
2249,30613,11984,0
2250,50060,9939,0
2251,17929,33275,0
2252,28292,15274,0
2253,61516,10778,0
2254,22449,50364,0
2255,5703,47883,0
2256,50580,54319,0
2257,63227,65225,0
2258,53448,64705,0
2259,58748,45654,0
2260,48376,60234,0
2261,5127,42837,0
2262,46749,67868,0
2263,55765,29898,0
2264,25157,61970,0
2265,36829,26270,0
2266,11141,46141,0
2267,38900,22443,0
2268,57689,23353,0
2269,13089,147,0
2270,9322,66359,0
2271,62709,47872,0
2272,56502,66459,0
2273,38373,29906,0
2274,42997,36647,0
2275,49141,1568,0
2276,60382,1597,0
2277,64325,21370,0
2278,38704,66362,0
2279,39791,30066,0
2280,25532,25083,0
2281,30692,4662,0
2282,48709,30556,0
2283,8050,53099,0
2284,21441,17220,0
2285,5481,36123,0
2286,66998,1811,0
2287,13974,53303,0
2288,54057,58651,0
2289,6984,65633,0
2290,35757,23559,0
2291,11045,6985,0
2292,59091,57616,0
2293,44300,4530,0
2294,38022,45629,0
2295,44121,16175,0
2296,48999,21405,0
2297,42640,25449,0
2298,5800,43410,0
2299,43384,57597,0
2300,65068,1999,0
2301,49854,18027,0
2302,35574,1027,0
2303,56766,9226,0
2304,7697,54605,0
2305,57363,7981,0
2306,62157,12432,0
2307,31156,30391,0
2308,34111,26746,0
2309,9566,44430,0
2310,52623,52244,0
2311,36777,17386,0
2312,47318,30952,0
2313,14968,43241,0
2314,33991,55280,0
2315,62513,29992,0
2316,12958,19590,0
2317,52439,55898,0
2318,57925,34973,0
2319,43185,24095,0
2320,40487,20486,0
2321,28853,30996,0
2322,34613,29677,0
2323,55794,31394,0
2324,11151,51408,0
2325,7583,17788,0
2326,33046,23754,0
2327,13812,30558,0
2328,3803,53413,0
2329,46414,51380,0
2330,2140,978,0
2331,20562,32247,0
2332,33143,23804,0
2333,31305,66362,0
2334,4066,7908,0
2335,59554,43684,0
2336,7358,37315,0
2337,10854,12863,0
2338,40129,32555,0
2339,14895,46846,0
2340,65834,4144,0
2341,64963,21486,0
2342,56244,10975,0
2343,19565,45148,0
2344,22318,21611,0
2345,58484,47415,0
2346,53773,47189,0
2347,9983,22686,0
2348,34230,39756,0
2349,68212,17934,0
2350,39736,17770,0
2351,32232,30595,0
2352,14689,49486,0
2353,12320,48917,0
2354,30846,54342,0
2355,26169,8991,0
2356,21146,28098,0
2357,40315,24571,0
2358,21393,45629,0
2359,11929,67440,0
2360,2392,63213,0
2361,7715,34342,0
2362,61838,57170,0
2363,35031,28708,0
2364,63905,31198,0
2365,35590,7653,0
2366,56670,64868,0
2367,24155,35846,0
2368,59798,43647,0
2369,62343,17807,0
2370,177,46704,0
2371,11143,29735,0
2372,28071,34477,0
2373,9488,8831,0
2374,30310,41847,0
2375,64345,57247,0
2376,12747,48370,0
2377,55837,32274,0
2378,11069,62138,0
2379,16716,29568,0
2380,38330,36453,0
2381,61395,12888,0
2382,24552,23895,0
2383,23968,45907,0
2384,7987,59887,0
2385,6015,48404,0
2386,24828,43030,0
2387,63911,39536,0
2388,57034,10834,0
2389,39570,32603,0
2390,56600,45765,0
2391,62802,21484,0
2392,18987,22754,0
2393,62649,21515,0
2394,48491,53280,0
2395,66559,5310,0
2396,1890,47880,0
2397,27142,66475,0
2398,11571,54879,0
2399,56463,61802,0
2400,12202,6978,0
2401,54071,30441,0
2402,12322,36769,0
2403,39552,46423,0
2404,47038,68346,0
2405,56989,56750,0
2406,59898,50332,0
2407,56487,21277,0
2408,41504,21384,0
2409,56740,59566,0
2410,21129,60772,0
2411,27482,3133,0
2412,37658,57679,0
2413,36965,35038,0
2414,54824,32474,0
2415,42117,66828,0
2416,49377,35056,0
2417,39938,63437,0
2418,57036,54499,0
2419,52189,28632,0
2420,8457,22404,0
2421,33133,60685,0
2422,6859,3403,0
2423,33915,22533,0
2424,726,4820,0
2425,57078,64753,0
2426,32726,65807,0
2427,68399,23288,0
2428,36075,19160,0
2429,55629,21235,0
2430,52234,55200,0
2431,46230,31430,0
2432,5724,24599,0
2433,20973,30339,0
2434,43180,17012,0
2435,61964,67045,0
2436,43325,56240,0
2437,21582,65084,0
2438,56860,50669,0
2439,64715,694,0
2440,23924,17790,0
2441,6915,64978,0
2442,64947,19180,0
2443,25870,64686,0
2444,31510,61307,0
2445,2280,63644,0
2446,41425,42584,0
2447,46481,40428,0
2448,60366,15144,0
2449,27887,14856,0
2450,20335,66633,0
2451,56448,59412,0
2452,34422,45490,0
2453,42414,35732,0
2454,6970,19545,0
2455,21093,60722,0
2456,41555,49255,0
2457,46258,50010,0
2458,23219,26207,0
2459,25292,60474,0
2460,24663,947,0
2461,6389,7001,0
2462,62295,54807,0
2463,7292,41129,0
2464,34140,66767,0
2465,24132,49097,0
2466,54534,8798,0
2467,34376,44379,0
2468,8357,17121,0
2469,57491,40129,0
2470,2204,9605,0
2471,26516,39941,0
2472,15443,63204,0
2473,23991,65327,0
2474,42068,47648,0
2475,27383,46780,0
2476,61737,46736,0
2477,27051,28307,0
2478,6482,41097,0
2479,7971,9844,0
2480,32788,1970,0
2481,6083,51077,0
2482,8917,62286,0
2483,13490,42324,0
2484,27608,4816,0
2485,43393,44863,0
2486,62033,55858,0
2487,21108,18503,0
2488,557,58064,0
2489,55973,25990,0
2490,61364,42241,0
2491,64012,19747,0
2492,46004,34934,0
2493,334,59684,0
2494,59499,52657,0
2495,43477,21809,0
2496,27409,47469,0
2497,55433,52104,0
2498,34775,68026,0
2499,20274,39960,0
2500,14814,24543,0
2501,47376,31462,0
2502,7949,9070,0
2503,37439,67719,0
2504,56599,58189,0
2505,9523,13768,0
2506,54682,24651,0
2507,2959,13674,0
2508,5196,30211,0
2509,33761,59143,0
2510,21631,55469,0
2511,54259,47338,0
2512,1906,61899,0
2513,48017,48426,0
2514,13356,5979,0
2515,11817,28681,0
2516,16629,58132,0
2517,15482,20508,0
2518,14424,26779,0
2519,43274,12607,0
2520,31508,51785,0
2521,47537,54745,0
2522,325,48471,0
2523,23636,47445,0
2524,49491,65234,0
2525,8432,47639,0
2526,39251,44076,0
2527,21459,54327,0
2528,3691,18267,0
2529,10119,3675,0
2530,15572,67859,0
2531,51819,30487,0
2532,58423,7179,0
2533,11653,28554,0
2534,22944,36973,0
2535,47307,65477,0
2536,53159,54287,0
2537,1764,41910,0
2538,62380,50803,0
2539,13541,6470,0
2540,53647,45823,0
2541,53996,15556,0
2542,43625,59025,0
2543,17627,26901,0
2544,54543,67795,0
2545,49815,24016,0
2546,49758,27570,0
2547,29355,25507,0
2548,19964,41265,0
2549,10970,16115,0
2550,31628,39071,0
2551,39029,27949,0
2552,41699,17073,0
2553,46269,54993,0
2554,58887,4329,0
2555,20407,62046,0
2556,9910,42217,0
2557,15271,11403,0
2558,64158,23607,0
2559,60902,36062,0
2560,29925,25769,0
2561,50953,24003,0
2562,54202,42780,0
2563,17816,18721,0
2564,28497,23024,0
2565,57062,8230,0
2566,49088,58860,0
2567,529,52456,0
2568,57356,14923,0
2569,24930,61613,0
2570,16905,5747,0
2571,3442,56622,0
2572,22780,43876,0
2573,59288,53224,0
2574,51512,15728,0
2575,44553,41855,0
2576,49088,21591,0
2577,24427,49958,0
2578,68056,30250,0
2579,39781,48564,0
2580,1596,12983,0
2581,13513,27987,0
2582,8271,33365,0
2583,8704,50706,0
2584,2716,1696,0
2585,55985,20026,0
2586,60035,64566,0
2587,15409,41109,0
2588,9400,12153,0
2589,26116,46652,0
2590,10,48329,0
2591,9740,18435,0
2592,4477,57635,0
2593,5063,37320,0
2594,29456,49040,0
2595,35832,32951,0
2596,25282,33875,0
2597,22737,14587,0
2598,29316,50363,0
2599,11228,12962,0
2600,65865,63346,0
2601,22571,49778,0
2602,11908,22101,0
2603,52066,2464,0
2604,34017,39831,0
2605,38211,32036,0
2606,47429,11021,0
2607,48329,6627,0
2608,40941,58029,0
2609,14659,66946,0
2610,44309,30939,0
2611,46466,31033,0
2612,12234,3884,0
2613,67879,37867,0
2614,15723,56629,0
2615,61574,11234,0
2616,2795,4923,0
2617,64686,10886,0
2618,15682,35373,0
2619,42385,48787,0
2620,65565,6301,0
2621,25266,41929,0
2622,14294,47904,0
2623,5647,46390,0
2624,5771,50463,0
2625,20457,52404,0
2626,5077,18548,0
2627,62670,56415,0
2628,48813,42813,0
2629,14957,42218,0
2630,44813,24625,0
2631,37324,63722,0
2632,13154,18438,0
2633,48314,32229,0
2634,13631,45360,0
2635,16997,34356,0
2636,3036,33307,0
2637,67098,10109,0
2638,4557,50272,0
2639,39319,38262,0
2640,29378,65840,0
2641,3923,28650,0
2642,12933,3810,0
2643,44533,53048,0
2644,24188,33157,0
2645,38924,28141,0
2646,45015,5183,0
2647,14715,66530,0
2648,23106,61531,0
2649,46444,16461,0
2650,7546,12953,0
2651,30379,28671,0
2652,48999,5997,0
2653,230,33013,0
2654,21616,40649,0
2655,63797,9679,0
2656,14433,3242,0
2657,44149,63218,0
2658,29322,59775,0
2659,61098,54395,0
2660,4566,52118,0
2661,33701,32849,0
2662,7904,27693,0
2663,46519,47781,0
2664,27179,67006,0
2665,25245,17909,0
2666,2236,37523,0
2667,58035,8169,0
2668,56821,58531,0
2669,48793,25204,0
2670,2361,58406,0
2671,12233,50278,0
2672,53230,43873,0
2673,56085,58529,0
2674,62780,56507,0
2675,22318,17171,0
2676,51228,61323,0
2677,35140,16889,0
2678,21352,68007,0
2679,58904,59050,0
2680,41057,45570,0
2681,58530,34084,0
2682,50484,34914,0
2683,68285,16628,0
2684,33325,19052,0
2685,18489,43724,0
2686,46524,1060,0
2687,18351,58383,0
2688,7987,45127,0
2689,2582,8387,0
2690,37664,32599,0
2691,46982,38636,0
2692,68119,7636,0
2693,51066,50218,0
2694,55348,25941,0
2695,725,35676,0
2696,46162,21595,0
2697,636,28259,0
2698,66138,13874,0
2699,22514,25190,0
2700,41074,41898,0
2701,9859,52166,0
2702,17586,34727,0
2703,45730,6502,0
2704,3499,57767,0
2705,398,26671,0
2706,32298,48564,0
2707,15776,43112,0
2708,490,19494,0
2709,22798,22643,0
2710,15492,49157,0
2711,14463,62734,0
2712,24515,26900,0
2713,26046,44168,0
2714,11887,10697,0
2715,8705,3097,0
2716,13526,2885,0
2717,59220,64579,0
2718,56798,51661,0
2719,8251,46517,0
2720,31370,20731,0
2721,5244,26842,0
2722,32803,35858,0
2723,14697,13188,0
2724,18925,11854,0
2725,33974,38871,0
2726,63824,17426,0
2727,25267,28021,0
2728,66430,49460,0
2729,57351,24274,0
2730,10997,26182,0
2731,8844,24867,0
2732,48341,36997,0
2733,27598,23309,0
2734,9254,42991,0
2735,31390,25949,0
2736,23793,33559,0
2737,58293,20059,0
2738,58678,46568,0
2739,22194,43453,0
2740,29758,57625,0
2741,36195,37018,0
2742,31824,3767,0
2743,56897,3077,0
2744,35439,53794,0
2745,38089,3560,0
2746,41324,61849,0
2747,47347,2654,0
2748,39453,66481,0
2749,55647,28516,0
2750,3760,35670,0
2751,33653,35523,0
2752,61657,40566,0
2753,44609,43127,0
2754,2957,62502,0
2755,6728,27734,0
2756,24067,56079,0
2757,55831,52529,0
2758,18981,54657,0
2759,22763,43814,0
2760,34702,19633,0
2761,22787,48196,0
2762,24306,36028,0
2763,2583,41370,0
2764,47575,48200,0
2765,63000,40564,0
2766,50341,38899,0
2767,10314,34130,0
2768,62421,48354,0
2769,52432,52083,0
2770,55105,6805,0
2771,43917,51877,0
2772,2233,60295,0
2773,12694,63933,0
2774,13827,64002,0
2775,54291,36332,0
2776,56938,1525,0
2777,942,33337,0
2778,23729,63327,0
2779,19094,20488,0
2780,67185,7036,0
2781,35934,16786,0
2782,13083,41030,0
2783,65150,60645,0
2784,64739,57840,0
2785,60075,64887,0
2786,53564,25716,0
2787,10135,27787,0
2788,37091,5912,0
2789,5864,32242,0
2790,29797,41542,0
2791,63915,55053,0
2792,62570,49781,0
2793,9719,8111,0
2794,67626,3986,0
2795,28906,36406,0
2796,4577,194,0
2797,9999,5879,0
2798,66243,42529,0
2799,4948,6473,0
2800,30582,36946,0
2801,11764,22412,0
2802,23820,36294,0
2803,58622,68239,0
2804,66042,54697,0
2805,41634,739,0
2806,36544,5390,0
2807,24584,25804,0
2808,31929,15738,0
2809,35992,62175,0
2810,2162,33442,0
2811,51058,25858,0
2812,24465,11570,0
2813,66789,65461,0
2814,54334,66520,0
2815,48277,20421,0
2816,57230,60173,0
2817,18045,35378,0
2818,16120,62042,0
2819,37459,1687,0
2820,5607,34084,0
2821,933,26561,0
2822,33907,63111,0
2823,5356,58523,0
2824,32076,64706,0
2825,24654,36889,0
2826,63725,25491,0
2827,64044,39906,0
2828,15492,4455,0
2829,26731,26917,0
2830,1586,20968,0
2831,6851,59075,0
2832,24941,65858,0
2833,33690,17068,0
2834,21477,25059,0
2835,4909,5479,0
2836,10464,37655,0
2837,58797,61905,0
2838,28467,53548,0
2839,39918,46584,0
2840,23536,41238,0
2841,806,17444,0
2842,25781,57274,0
2843,25850,17527,0
2844,10575,4106,0
2845,59065,42529,0
2846,38277,9096,0
2847,29335,57939,0
2848,61627,40865,0
2849,60744,50170,0
2850,57398,5620,0
2851,6576,25820,0
2852,14596,29978,0
2853,30396,21619,0
2854,18409,47654,0
2855,8947,39863,0
2856,24132,64780,0
2857,45606,6085,0
2858,65321,3026,0
2859,49254,60436,0
2860,23640,49230,0
2861,62743,25053,0
2862,68280,15001,0
2863,52778,52397,0
2864,6553,61131,0
2865,13866,31942,0
2866,31528,41786,0
2867,34873,18985,0
2868,18048,66155,0
2869,47081,46595,0
2870,53375,5447,0
2871,29591,47840,0
2872,62166,17451,0
2873,35322,67349,0
2874,59365,49336,0
2875,25554,11574,0
2876,5605,30569,0
2877,56485,11552,0
2878,65293,55699,0
2879,65134,30532,0
2880,37584,23650,0
2881,17504,59538,0
2882,27158,7621,0
2883,34153,43058,0
2884,7942,56158,0
2885,5089,62531,0
2886,5687,63913,0
2887,66015,61903,0
2888,17015,42440,0
2889,44035,22638,0
2890,44755,3049,0
2891,16007,62351,0
2892,31452,18521,0
2893,42140,46083,0
2894,12246,24801,0
2895,46732,37462,0
2896,24185,46019,0
2897,56912,39805,0
2898,67655,31089,0
2899,2140,18355,0
2900,15912,36187,0
2901,40662,66146,0
2902,42202,65763,0
2903,45823,19408,0
2904,15679,21879,0
2905,10691,56264,0
2906,51963,42436,0
2907,19280,50686,0
2908,13250,30649,0
2909,42316,57420,0
2910,43903,20311,0
2911,41417,27460,0
2912,741,43744,0
2913,66563,41485,0
2914,66537,27548,0
2915,11442,37220,0
2916,25480,22735,0
2917,63903,56448,0
2918,60,19986,0
2919,56939,39649,0
2920,31479,16773,0
2921,49895,4768,0
2922,23509,50683,0
2923,54887,37641,0
2924,34981,52830,0
2925,21000,12395,0
2926,3260,36301,0
2927,59280,43341,0
2928,41679,52867,0
2929,8839,21062,0
2930,64367,7783,0
2931,16272,42171,0
2932,34202,48619,0
2933,2768,42610,0
2934,3793,15602,0
2935,11643,58661,0
2936,41377,65063,0
2937,21,27306,0
2938,63284,12937,0
2939,56831,60096,0
2940,4640,41908,0
2941,4149,10179,0
2942,20041,37250,0
2943,58997,26877,0
2944,28566,62331,0
2945,34839,54097,0
2946,58584,66584,0
2947,62081,33305,0
2948,50714,19929,0
2949,29981,1408,0
2950,55339,36056,0
2951,17284,65093,0
2952,55356,17950,0
2953,30582,46386,0
2954,68136,52088,0
2955,53653,39338,0
2956,22241,36848,0
2957,26506,41819,0
2958,67770,44983,0
2959,54689,25419,0
2960,32206,6377,0
2961,51090,35861,0
2962,15258,67810,0
2963,30078,62287,0
2964,34703,66287,0
2965,20014,15996,0
2966,11099,40881,0
2967,46071,27457,0
2968,8611,67079,0
2969,50779,6552,0
2970,13018,17126,0
2971,4315,7759,0
2972,62233,58422,0
2973,26191,37248,0
2974,54169,31871,0
2975,54929,14808,0
2976,9742,21251,0
2977,20955,45714,0
2978,1805,5416,0
2979,6129,28250,0
2980,5454,35268,0
2981,61591,5998,0
2982,12298,61977,0
2983,9175,38570,0
2984,58035,38576,0
2985,28064,11278,0
2986,22828,30238,0
2987,13218,60398,0
2988,30976,57431,0
2989,14819,33520,0
2990,11220,48016,0
2991,47488,26043,0
2992,64174,41753,0
2993,32707,2796,0
2994,57951,17003,0
2995,7158,41482,0
2996,66004,55020,0
2997,41104,10135,0
2998,42302,7734,0
2999,23770,9455,0
3000,66637,63317,0
3001,38990,20086,0
3002,23884,66454,0
3003,30229,63895,0
3004,7023,489,0
3005,7334,32410,0
3006,11185,36528,0
3007,19225,6891,0
3008,36012,25596,0
3009,59803,32718,0
3010,39226,38138,0
3011,39606,10799,0
3012,36619,53954,0
3013,55693,40506,0
3014,59956,4630,0
3015,65068,20907,0
3016,31631,36403,0
3017,42836,8623,0
3018,40637,60297,0
3019,51891,64056,0
3020,22572,11868,0
3021,26703,20844,0
3022,61469,15705,0
3023,45458,12034,0
3024,55082,66423,0
3025,39085,65675,0
3026,37395,19916,0
3027,40394,34504,0
3028,47888,26693,0
3029,43370,17617,0
3030,58415,46535,0
3031,60506,21839,0
3032,44834,33581,0
3033,33970,60667,0
3034,19401,27615,0
3035,64023,15974,0
3036,27588,52880,0
3037,6527,5276,0
3038,30922,26271,0
3039,43662,64254,0
3040,20550,44554,0
3041,60945,50453,0
3042,59038,12890,0
3043,905,49668,0
3044,37657,57350,0
3045,56288,29023,0
3046,41587,28800,0
3047,30363,37813,0
3048,26492,49359,0
3049,53180,6185,0
3050,16173,53970,0
3051,15039,59385,0
3052,42676,55340,0
3053,32154,26206,0
3054,58737,64357,0
3055,6750,3726,0
3056,35019,37690,0
3057,2013,36907,0
3058,50226,54342,0
3059,54578,10690,0
3060,6619,58373,0
3061,7047,63130,0
3062,62963,35971,0
3063,20237,43480,0
3064,62631,7980,0
3065,66572,24152,0
3066,60557,3872,0
3067,56602,15632,0
3068,446,53640,0
3069,16550,34414,0
3070,12455,30107,0
3071,28859,27367,0
3072,54862,57738,0
3073,22197,50976,0
3074,39060,47734,0
3075,39532,23859,0
3076,38386,17733,0
3077,7372,17354,0
3078,64057,23128,0
3079,31499,47960,0
3080,66154,4029,0
3081,1251,46854,0
3082,59299,59019,0
3083,65230,25108,0
3084,21614,31828,0
3085,492,39306,0
3086,49357,42819,0
3087,36607,37571,0
3088,17672,2015,0
3089,23426,34842,0
3090,16061,56693,0
3091,48074,1945,0
3092,15745,18784,0
3093,14366,2204,0
3094,20163,34262,0
3095,28707,42871,0
3096,49382,18047,0
3097,28337,40672,0
3098,24428,7391,0
3099,64190,40650,0
3100,36861,20460,0
3101,50459,49634,0
3102,1370,39909,0
3103,60085,54496,0
3104,45310,18145,0
3105,42590,4200,0
3106,33046,32762,0
3107,54045,33466,0
3108,28689,43881,0
3109,31142,29111,0
3110,62093,60292,0
3111,35301,31945,0
3112,45893,47780,0
3113,6811,42646,0
3114,17133,57472,0
3115,36544,41227,0
3116,9888,67126,0
3117,10182,23039,0
3118,19641,32838,0
3119,34075,46468,0
3120,31372,44850,0
3121,36276,15006,0
3122,59186,18023,0
3123,1533,66461,0
3124,15636,65996,0
3125,14435,49367,0
3126,52391,60166,0
3127,33245,11279,0
3128,59299,32846,0
3129,49221,33280,0
3130,48721,23579,0
3131,6203,41698,0
3132,2842,45201,0
3133,9106,29225,0
3134,57851,56036,0
3135,8183,42362,0
3136,55379,11714,0
3137,59829,53937,0
3138,3112,58610,0
3139,23852,19952,0
3140,31754,43721,0
3141,41469,21311,0
3142,53529,33555,0
3143,68229,64764,0
3144,60475,48543,0
3145,3908,61068,0
3146,10829,48515,0
3147,63362,45663,0
3148,45660,51015,0
3149,67097,5775,0
3150,45173,11848,0
3151,55297,24816,0
3152,18944,20432,0
3153,23896,49505,0
3154,15546,57630,0
3155,23448,28129,0
3156,64648,36527,0
3157,52559,58867,0
3158,34579,21411,0
3159,54334,13019,0
3160,5712,12376,0
3161,703,39133,0
3162,63915,38543,0
3163,62891,12349,0
3164,11303,20059,0
3165,39756,57753,0
3166,55597,10193,0
3167,8647,33000,0
3168,17077,3912,0
3169,47421,47914,0
3170,3590,15719,0
3171,36120,24609,0
3172,45001,56429,0
3173,12847,48216,0
3174,56442,26053,0
3175,60543,9083,0
3176,65276,18999,0
3177,48084,3091,0
3178,58534,43244,0
3179,54931,48275,0
3180,66276,25212,0
3181,18710,16245,0
3182,26154,7462,0
3183,45976,11941,0
3184,9442,65911,0
3185,61362,11324,0
3186,3052,13648,0
3187,5267,1674,0
3188,45347,6003,0
3189,42246,50400,0
3190,23649,52010,0
3191,29525,41445,0
3192,11966,61366,0
3193,11284,62234,0
3194,40948,40357,0
3195,55832,39362,0
3196,39295,5264,0
3197,64717,50991,0
3198,2990,32491,0
3199,21793,28958,0
3200,38635,54832,0
3201,42117,5582,0
3202,45328,2384,0
3203,65573,7463,0
3204,51053,22726,0
3205,32997,31941,0
3206,56898,48475,0
3207,27429,2690,0
3208,45281,45218,0
3209,17397,45199,0
3210,1586,29311,0
3211,6995,45276,0
3212,43487,59768,0
3213,24483,23617,0
3214,55851,75,0
3215,3663,8984,0
3216,29538,30775,0
3217,23572,55611,0
3218,40003,56197,0
3219,42712,9171,0
3220,393,656,0
3221,13695,61942,0
3222,66917,61430,0
3223,9753,49050,0
3224,9484,39334,0
3225,6073,24549,0
3226,44621,42652,0
3227,25107,65856,0
3228,19135,2827,0
3229,47306,43737,0
3230,65648,54335,0
3231,16850,5807,0
3232,47757,34298,0
3233,64483,3662,0
3234,26591,52265,0
3235,14068,47397,0
3236,29490,29095,0
3237,1870,61312,0
3238,54266,48073,0
3239,67405,35990,0
3240,58431,52170,0
3241,46805,56413,0
3242,24743,24474,0
3243,3821,27424,0
3244,43944,12388,0
3245,6989,36255,0
3246,53129,13904,0
3247,62895,6430,0
3248,8285,30121,0
3249,27732,3858,0
3250,45733,5363,0
3251,9934,47201,0
3252,45007,48458,0
3253,53430,52073,0
3254,39364,53323,0
3255,14471,60571,0
3256,15822,8541,0
3257,24141,53273,0
3258,43234,11066,0
3259,33939,66200,0
3260,24935,27278,0
3261,30386,29764,0
3262,45588,42752,0
3263,16683,57940,0
3264,19641,7653,0
3265,64542,21595,0
3266,14286,15125,0
3267,49686,16681,0
3268,59188,42368,0
3269,2544,14272,0
3270,32177,11092,0
3271,16064,15615,0
3272,5058,40615,0
3273,8757,24999,0
3274,27751,32348,0
3275,5550,48778,0
3276,60916,16630,0
3277,40385,12052,0
3278,18964,63327,0
3279,55393,25402,0
3280,26417,12692,0
3281,21668,5654,0
3282,32928,5004,0
3283,48665,15287,0
3284,50714,30276,0
3285,68323,21609,0
3286,55558,30357,0
3287,4839,35677,0
3288,13073,15843,0
3289,23001,6068,0
3290,31929,46164,0
3291,41675,14826,0
3292,3787,17366,0
3293,34080,8238,0
3294,67631,19391,0
3295,18440,53428,0
3296,64808,10325,0
3297,46776,65717,0
3298,17644,63313,0
3299,22995,6043,0
3300,63790,28995,0
3301,30419,55636,0
3302,49729,33161,0
3303,1070,4769,0
3304,60218,5516,0
3305,56294,38192,0
3306,28749,12400,0
3307,33136,55801,0
3308,47630,40642,0
3309,63660,4321,0
3310,45693,38325,0
3311,65575,9492,0
3312,47975,50183,0
3313,8617,55781,0
3314,15890,54548,0
3315,4635,34762,0
3316,21941,3523,0
3317,19259,48234,0
3318,46464,17034,0
3319,45537,48393,0
3320,9154,47447,0
3321,54062,61398,0
3322,32343,27999,0
3323,31912,64336,0
3324,32341,65410,0
3325,66542,18344,0
3326,17795,33720,0
3327,49311,48168,0
3328,22178,65142,0
3329,13429,12741,0
3330,62768,68048,0
3331,6361,7224,0
3332,56198,58789,0
3333,67193,20538,0
3334,23867,6527,0
3335,14599,34374,0
3336,64654,22376,0
3337,38499,33414,0
3338,8893,19306,0
3339,67405,57246,0
3340,42923,23958,0
3341,8692,56894,0
3342,64032,45784,0
3343,20651,34015,0
3344,45010,7355,0
3345,28023,27259,0
3346,55112,40155,0
3347,20900,24023,0
3348,30772,67497,0
3349,14474,9899,0
3350,67207,26963,0
3351,3813,20385,0
3352,17509,36111,0
3353,640,35363,0
3354,27922,9933,0
3355,43285,66213,0
3356,10799,6384,0
3357,25322,47447,0
3358,4273,43086,0
3359,38856,12720,0
3360,10049,2799,0
3361,29875,3229,0
3362,45978,10992,0
3363,39741,41494,0
3364,62723,34788,0
3365,35682,46077,0
3366,8888,57600,0
3367,4342,11804,0
3368,25970,40849,0
3369,8897,20999,0
3370,25646,31371,0
3371,40478,41852,0
3372,65625,47954,0
3373,17497,26106,0
3374,54488,39594,0
3375,60430,53532,0
3376,12029,11371,0
3377,47773,2589,0
3378,40349,46881,0
3379,50213,3482,0
3380,46453,53429,0
3381,3412,3872,0
3382,16402,48853,0
3383,61380,33393,0
3384,43619,64960,0
3385,5242,44995,0
3386,2355,55582,0
3387,5971,17445,0
3388,54867,50190,0
3389,921,45179,0
3390,45589,44630,0
3391,27507,36796,0
3392,49372,21940,0
3393,39883,43967,0
3394,34835,4982,0
3395,65609,32795,0
3396,36004,52900,0
3397,32251,30599,0
3398,267,13449,0
3399,18602,1728,0
3400,42407,61485,0
3401,11841,16454,0
3402,11144,64692,0
3403,23645,46935,0
3404,60465,33043,0
3405,48762,41136,0
3406,49285,34998,0
3407,62118,42814,0
3408,65036,41263,0
3409,36303,36779,0
3410,57411,12230,0
3411,28518,24256,0
3412,55154,35960,0
3413,46319,24182,0
3414,49018,11057,0
3415,17660,63630,0
3416,37341,4226,0
3417,10380,25933,0
3418,25291,43336,0
3419,44082,25376,0
3420,16733,50354,0
3421,65857,21550,0
3422,16708,36451,0
3423,39520,33187,0
3424,571,35261,0
3425,27455,54456,0
3426,2643,66875,0
3427,8965,38988,0
3428,59545,51000,0
3429,44038,21517,0
3430,37430,27465,0
3431,56422,36984,0
3432,490,3892,0
3433,33860,21366,0
3434,24030,64915,0
3435,33051,42729,0
3436,10821,36760,0
3437,33469,17892,0
3438,5891,33224,0
3439,34000,38471,0
3440,3054,55143,0
3441,8022,51042,0
3442,12663,48633,0
3443,49886,12955,0
3444,5804,57713,0
3445,27572,3484,0
3446,65650,37752,0
3447,10395,61997,0
3448,39445,51620,0
3449,43779,60938,0
3450,27663,67023,0
3451,62715,36058,0
3452,27894,60249,0
3453,66334,40418,0
3454,33887,25744,0
3455,53821,134,0
3456,23399,66471,0
3457,26136,2497,0
3458,40733,10272,0
3459,9572,40178,0
3460,39273,1409,0
3461,8984,9809,0
3462,43661,24593,0
3463,42508,42885,0
3464,20231,17433,0
3465,45305,6360,0
3466,12081,3829,0
3467,13704,46607,0
3468,46718,27621,0
3469,4342,56462,0
3470,45892,45825,0
3471,28201,9825,0
3472,18971,51740,0
3473,36384,25493,0
3474,22660,36782,0
3475,54723,59032,0
3476,55974,19475,0
3477,51108,21125,0
3478,65173,4019,0
3479,23663,15023,0
3480,44457,24073,0
3481,57943,51912,0
3482,49221,30732,0
3483,21888,35840,0
3484,50242,35206,0
3485,33146,20592,0
3486,4599,18845,0
3487,31306,57212,0
3488,11202,26896,0
3489,557,47507,0
3490,19488,44795,0
3491,40292,53162,0
3492,18807,54422,0
3493,62950,52180,0
3494,15577,34228,0
3495,62815,13142,0
3496,24883,48729,0
3497,66415,16759,0
3498,19939,1701,0
3499,62158,32810,0
3500,65098,35801,0
3501,59187,51220,0
3502,52558,41685,0
3503,19732,44144,0
3504,23402,45293,0
3505,1449,41521,0
3506,25137,65945,0
3507,54156,22775,0
3508,43461,21649,0
3509,56896,43809,0
3510,67004,47973,0
3511,21208,51212,0
3512,33606,5421,0
3513,30204,21308,0
3514,6487,7426,0
3515,19190,45702,0
3516,21846,33797,0
3517,32715,65915,0
3518,42970,13918,0
3519,27637,13924,0
3520,5140,57885,0
3521,64348,39785,0
3522,58072,31424,0
3523,6338,36372,0
3524,29532,18943,0
3525,4862,47675,0
3526,58526,10108,0
3527,44298,17046,0
3528,824,34910,0
3529,1379,7515,0
3530,3849,47515,0
3531,27300,55578,0
3532,45141,62301,0
3533,57217,14091,0
3534,64672,51738,0
3535,586,858,0
3536,48187,35159,0
3537,1638,63934,0
3538,30691,49408,0
3539,6120,45361,0
3540,38023,65769,0
3541,43717,16019,0
3542,3685,244,0
3543,39865,33473,0
3544,41787,14582,0
3545,66308,65865,0
3546,6762,63579,0
3547,17623,39467,0
3548,58687,55844,0
3549,18881,45236,0
3550,18199,46552,0
3551,56702,42388,0
3552,23912,25994,0
3553,8333,35874,0
3554,22127,18316,0
3555,58896,23895,0
3556,64655,53433,0
3557,40539,1182,0
3558,684,25229,0
3559,9141,50040,0
3560,62987,50522,0
3561,43711,51791,0
3562,42707,43732,0
3563,55863,21830,0
3564,36476,24882,0
3565,8964,58868,0
3566,67109,66416,0
3567,38314,54940,0
3568,62337,67036,0
3569,63782,7541,0
3570,17338,3293,0
3571,25303,35766,0
3572,32915,24210,0
3573,19347,21534,0
3574,37567,7086,0
3575,22016,31789,0
3576,28078,39803,0
3577,62561,52150,0
3578,9981,16602,0
3579,56579,17649,0
3580,40955,47114,0
3581,53141,312,0
3582,11497,46907,0
3583,65623,20802,0
3584,10734,37897,0
3585,46274,25478,0
3586,23851,16404,0
3587,26216,46503,0
3588,17232,46492,0
3589,16066,19746,0
3590,58436,20846,0
3591,26268,20178,0
3592,37848,38960,0
3593,13085,25655,0
3594,54175,58358,0
3595,19845,57882,0
3596,7617,17739,0
3597,14001,19840,0
3598,12203,19419,0
3599,25658,30844,0
3600,57387,55162,0
3601,49246,40688,0
3602,3042,1716,0
3603,13662,60503,0
3604,63699,40593,0
3605,19603,24254,0
3606,36672,53585,0
3607,13513,52574,0
3608,59206,7649,0
3609,45917,29771,0
3610,806,9445,0
3611,40764,55344,0
3612,1116,44243,0
3613,25857,25188,0
3614,16980,40649,0
3615,24290,57845,0
3616,59219,8880,0
3617,66959,40428,0
3618,36124,66199,0
3619,49126,29160,0
3620,52621,43729,0
3621,3779,22831,0
3622,4413,2391,0
3623,1239,26734,0
3624,64899,16855,0
3625,28977,5317,0
3626,20760,59235,0
3627,68328,23824,0
3628,11442,28324,0
3629,49628,44577,0
3630,66954,35768,0
3631,1276,22431,0
3632,53325,59844,0
3633,1462,28762,0
3634,10309,48262,0
3635,40890,42547,0
3636,31812,38583,0
3637,46125,5158,0
3638,61294,44203,0
3639,58001,41122,0
3640,28440,23685,0
3641,46651,37620,0
3642,34862,42765,0
3643,4073,16709,0
3644,50244,51971,0
3645,63589,38277,0
3646,21047,35128,0
3647,11247,36648,0
3648,67248,66910,0
3649,12844,23153,0
3650,54432,36247,0
3651,41081,16776,0
3652,43404,38385,0
3653,65754,30070,0
3654,5894,16650,0
3655,285,24315,0
3656,680,22445,0
3657,27415,45664,0
3658,44711,24257,0
3659,18284,5658,0
3660,31974,41663,0
3661,7941,60721,0
3662,23059,43580,0
3663,19563,29405,0
3664,1938,25652,0
3665,10280,31568,0
3666,1760,53579,0
3667,39381,9802,0
3668,5230,63716,0
3669,21218,14385,0
3670,12173,60622,0
3671,54456,45308,0
3672,42508,43913,0
3673,38489,64658,0
3674,12368,54344,0
3675,9220,57350,0
3676,67830,61463,0
3677,52566,62595,0
3678,59865,25541,0
3679,38773,53404,0
3680,27777,45866,0
3681,51801,38222,0
3682,31116,47522,0
3683,54323,30465,0
3684,12943,23664,0
3685,65153,13637,0
3686,36597,48765,0
3687,21258,23597,0
3688,5066,59414,0
3689,18998,9986,0
3690,44470,25177,0
3691,1897,45343,0
3692,45588,30600,0
3693,58268,38943,0
3694,47508,5105,0
3695,38887,7260,0
3696,2996,51054,0
3697,50066,34333,0
3698,40824,3893,0
3699,54062,67529,0
3700,35160,37020,0
3701,49440,6997,0
3702,6588,43038,0
3703,31927,41839,0
3704,29618,29585,0
3705,57713,66253,0
3706,58085,41854,0
3707,54084,6323,0
3708,26828,38465,0
3709,57388,20313,0
3710,58725,24588,0
3711,49373,18642,0
3712,8342,17906,0
3713,65359,20569,0
3714,40487,55165,0
3715,23890,11161,0
3716,8968,17979,0
3717,7990,50236,0
3718,8756,49200,0
3719,44471,51448,0
3720,54835,66305,0
3721,26740,78,0
3722,41092,7460,0
3723,14340,19369,0
3724,57168,1022,0
3725,32851,33431,0
3726,12318,28411,0
3727,3748,30745,0
3728,37342,59960,0
3729,2233,3115,0
3730,48232,5959,0
3731,36180,23831,0
3732,29693,28296,0
3733,66242,7823,0
3734,17402,65303,0
3735,24338,24767,0
3736,36751,37886,0
3737,42805,20610,0
3738,47549,40343,0
3739,21193,29882,0
3740,57811,55043,0
3741,13429,61741,0
3742,19395,20418,0
3743,63675,37540,0
3744,30737,20471,0
3745,1212,18657,0
3746,48666,26095,0
3747,47478,27918,0
3748,53850,8998,0
3749,20745,38334,0
3750,42488,48364,0
3751,2320,56438,0
3752,28343,37934,0
3753,38409,50336,0
3754,33697,60547,0
3755,56162,61684,0
3756,48545,20736,0
3757,50735,57415,0
3758,11493,55781,0
3759,28637,57294,0
3760,51916,40020,0
3761,22026,53268,0
3762,65500,26392,0
3763,45052,42082,0
3764,59592,55681,0
3765,122,52150,0
3766,45264,62838,0
3767,40144,47867,0
3768,58670,55516,0
3769,12163,13780,0
3770,43781,40517,0
3771,17300,28487,0
3772,1909,26110,0
3773,38378,43052,0
3774,59234,10136,0
3775,56104,7908,0
3776,10808,42564,0
3777,25513,37721,0
3778,44860,16386,0
3779,19015,50168,0
3780,45829,49719,0
3781,27788,58861,0
3782,34172,11803,0
3783,40027,27693,0
3784,55752,28150,0
3785,8486,12423,0
3786,55773,47264,0
3787,51927,24389,0
3788,4287,11743,0
3789,46827,62189,0
3790,67448,7593,0
3791,49575,60812,0
3792,47532,1553,0
3793,11520,9565,0
3794,28641,35666,0
3795,44006,4274,0
3796,65757,18030,0
3797,66051,10068,0
3798,54255,42007,0
3799,1867,5749,0
3800,19850,26140,0
3801,34202,13969,0
3802,31047,61892,0
3803,34108,32868,0
3804,42820,44558,0
3805,20460,1520,0
3806,50269,3601,0
3807,10800,35471,0
3808,1379,47530,0
3809,30921,56708,0
3810,28673,7881,0
3811,37882,62051,0
3812,36870,53955,0
3813,33284,62953,0
3814,51409,60395,0
3815,13032,10841,0
3816,24962,18170,0
3817,34586,52089,0
3818,39868,58440,0
3819,60545,30439,0
3820,20039,1430,0
3821,39728,24430,0
3822,37938,18300,0
3823,32258,50939,0
3824,42037,9635,0
3825,45106,14283,0
3826,55241,16278,0
3827,28797,36707,0
3828,15835,42939,0
3829,18006,10818,0
3830,52017,48076,0
3831,34108,32458,0
3832,43726,39783,0
3833,250,45669,0
3834,32874,6580,0
3835,52568,15609,0
3836,12183,59961,0
3837,22650,38986,0
3838,47989,65676,0
3839,55686,62775,0
3840,60592,42885,0
3841,17325,61075,0
3842,39944,53613,0
3843,20400,6477,0
3844,35013,55453,0
3845,59227,68187,0
3846,8599,5499,0
3847,23737,46882,0
3848,55198,16073,0
3849,43517,8790,0
3850,33781,26789,0
3851,40404,30207,0
3852,4185,18737,0
3853,17115,1616,0
3854,52382,20344,0
3855,18609,11229,0
3856,20267,52736,0
3857,42104,67802,0
3858,53147,7954,0
3859,2374,61449,0
3860,27254,62156,0
3861,27121,12501,0
3862,35678,34869,0
3863,64539,59439,0
3864,62239,52390,0
3865,18356,23079,0
3866,45834,43279,0
3867,61803,50053,0
3868,33063,1286,0
3869,8844,20929,0
3870,19526,52207,0
3871,42165,59661,0
3872,49830,28004,0
3873,61142,8185,0
3874,38832,20263,0
3875,67052,9222,0
3876,7752,8649,0
3877,22129,9364,0
3878,1655,11612,0
3879,61240,24167,0
3880,1305,32197,0
3881,28433,38090,0
3882,33631,61604,0
3883,883,15653,0
3884,23711,49650,0
3885,40128,30491,0
3886,48325,12212,0
3887,61943,38058,0
3888,66687,17827,0
3889,37391,20562,0
3890,8804,34854,0
3891,7185,21140,0
3892,15471,43119,0
3893,43575,15293,0
3894,48030,13810,0
3895,34434,10529,0
3896,24941,59586,0
3897,67306,66068,0
3898,51169,28296,0
3899,22871,48335,0
3900,59191,47764,0
3901,43754,54401,0
3902,30355,3996,0
3903,3677,9706,0
3904,24335,53287,0
3905,5086,35025,0
3906,28088,41101,0
3907,16044,10466,0
3908,7462,39618,0
3909,12102,23218,0
3910,57123,40304,0
3911,49547,41015,0
3912,52847,8182,0
3913,28990,8608,0
3914,58136,17196,0
3915,51328,3658,0
3916,42503,57314,0
3917,23748,63299,0
3918,58975,16268,0
3919,57212,42624,0
3920,9713,53283,0
3921,12154,39469,0
3922,56215,61620,0
3923,8505,60194,0
3924,23994,43565,0
3925,31200,5060,0
3926,13172,7684,0
3927,65544,18004,0
3928,41032,4297,0
3929,61623,68179,0
3930,28223,37286,0
3931,32988,62931,0
3932,61013,19529,0
3933,33314,6512,0
3934,62195,67806,0
3935,54845,44433,0
3936,34074,30976,0
3937,37085,38731,0
3938,60698,37181,0
3939,10764,39947,0
3940,66151,43703,0
3941,28962,29629,0
3942,30316,41368,0
3943,16623,34118,0
3944,33639,66255,0
3945,31095,23958,0
3946,30512,38441,0
3947,35296,21896,0
3948,9555,19774,0
3949,32434,12612,0
3950,63775,50667,0
3951,24661,16557,0
3952,10594,32733,0
3953,8343,56022,0
3954,55036,37736,0
3955,59349,60811,0
3956,47820,20986,0
3957,40828,213,0
3958,51847,54288,0
3959,32923,48578,0
3960,10797,32344,0
3961,56893,18002,0
3962,26314,63879,0
3963,62904,36888,0
3964,22885,56881,0
3965,41260,26401,0
3966,10402,11644,0
3967,1372,30493,0
3968,35010,1334,0
3969,60658,34095,0
3970,24595,50461,0
3971,3080,31641,0
3972,33721,9982,0
3973,53366,41757,0
3974,67097,46735,0
3975,49627,27603,0
3976,12505,42816,0
3977,3985,19117,0
3978,37620,66796,0
3979,10995,2947,0
3980,63840,66412,0
3981,63920,13001,0
3982,34975,26184,0
3983,1435,54219,0
3984,44722,36151,0
3985,50203,25025,0
3986,833,18651,0
3987,46611,40251,0
3988,20400,31458,0
3989,61912,40168,0
3990,44888,36055,0
3991,63868,25084,0
3992,37470,45005,0
3993,4814,25747,0
3994,40773,55725,0
3995,19772,6150,0
3996,68374,27790,0
3997,35140,28208,0
3998,4974,42303,0
3999,37475,9151,0
4000,18368,27029,0
4001,43590,46098,0
4002,29996,42689,0
4003,19060,47496,0
4004,50950,24645,0
4005,41173,53305,0
4006,11657,65926,0
4007,25604,48426,0
4008,20629,11389,0
4009,34592,47415,0
4010,30646,39782,0
4011,14022,31399,0
4012,5712,44129,0
4013,54155,35406,0
4014,29388,37702,0
4015,48986,35040,0
4016,33614,27885,0
4017,57171,11311,0
4018,12143,2977,0
4019,67942,35067,0
4020,15702,31526,0
4021,35451,2820,0
4022,53035,13637,0
4023,639,17449,0
4024,2334,37982,0
4025,32851,67345,0
4026,7445,17318,0
4027,33698,9737,0
4028,9689,29817,0
4029,49411,58958,0
4030,46356,45225,0
4031,11153,32137,0
4032,56427,51080,0
4033,41535,5637,0
4034,37854,14030,0
4035,29687,3539,0
4036,61569,10098,0
4037,23887,483,0
4038,1818,21880,0
4039,51492,28231,0
4040,58217,20794,0
4041,9041,18397,0
4042,4809,58446,0
4043,38621,36746,0
4044,16023,49304,0
4045,45598,21324,0
4046,38341,60099,0
4047,2461,937,0
4048,395,47901,0
4049,26637,48561,0
4050,50577,18586,0
4051,10032,21635,0
4052,16667,47013,0
4053,65950,17566,0
4054,28509,38207,0
4055,58041,21814,0
4056,29389,12224,0
4057,54567,9792,0
4058,63975,59834,0
4059,27429,5925,0
4060,46902,17020,0
4061,59250,13092,0
4062,19468,45504,0
4063,40792,32102,0
4064,66430,51657,0
4065,27086,17900,0
4066,50355,30765,0
4067,36896,32,0
4068,32671,30202,0
4069,16476,22797,0
4070,57935,33868,0
4071,68376,21498,0
4072,5070,36560,0
4073,16102,4679,0
4074,49937,43061,0
4075,53229,55118,0
4076,6965,52225,0
4077,14130,36590,0
4078,8997,66776,0
4079,55347,57578,0
4080,10772,19289,0
4081,55293,21354,0
4082,29996,19521,0
4083,25537,58702,0
4084,52139,66213,0
4085,58736,67905,0
4086,63321,23195,0
4087,47965,25861,0
4088,67095,49009,0
4089,31222,58956,0
4090,44273,29782,0
4091,25187,37359,0
4092,8265,38360,0
4093,8188,64739,0
4094,34476,27684,0
4095,5781,1201,0
4096,690,42560,0
4097,4826,20648,0
4098,3789,14636,0
4099,47693,54911,0
4100,42021,33124,0
4101,25568,12628,0
4102,12749,46213,0
4103,14769,29459,0
4104,931,54269,0
4105,42652,16897,0
4106,64565,9744,0
4107,67535,31325,0
4108,30351,60603,0
4109,398,4223,0
4110,58892,32979,0
4111,13017,38505,0
4112,21742,33785,0
4113,20621,31566,0
4114,53815,7953,0
4115,21283,42610,0
4116,61496,34098,0
4117,39051,9842,0
4118,49313,50991,0
4119,253,10095,0
4120,34273,13670,0
4121,61691,61237,0
4122,54825,40156,0
4123,47990,46781,0
4124,19728,270,0
4125,17863,24311,0
4126,47856,3807,0
4127,15584,38152,0
4128,50038,42665,0
4129,12372,47454,0
4130,54787,398,0
4131,25057,50622,0
4132,63017,32956,0
4133,56500,63654,0
4134,36761,19246,0
4135,45892,53616,0
4136,43628,60234,0
4137,37021,8637,0
4138,44782,14785,0
4139,5027,12814,0
4140,58025,23606,0
4141,64373,54768,0
4142,15698,53420,0
4143,723,55526,0
4144,58731,27819,0
4145,6496,58522,0
4146,57536,42196,0
4147,4715,62003,0
4148,63226,47974,0
4149,43484,66013,0
4150,42193,28290,0
4151,29476,23624,0
4152,26266,52992,0
4153,66701,67239,0
4154,47094,9122,0
4155,61551,44425,0
4156,30888,63285,0
4157,14871,24491,0
4158,56396,5191,0
4159,57166,47175,0
4160,52920,32491,0
4161,19706,7762,0
4162,26164,29885,0
4163,55621,58702,0
4164,11473,40340,0
4165,41656,49857,0
4166,61570,25881,0
4167,13820,14088,0
4168,49617,55577,0
4169,60382,36325,0
4170,2195,46606,0
4171,16198,60100,0
4172,67849,11050,0
4173,57507,49240,0
4174,52651,59105,0
4175,42983,9334,0
4176,16195,8449,0
4177,54721,29933,0
4178,2677,13192,0
4179,10192,13921,0
4180,43880,5354,0
4181,33335,67071,0
4182,55666,13561,0
4183,7445,21930,0
4184,61687,18336,0
4185,39708,37141,0
4186,40722,16630,0
4187,60356,33107,0
4188,52242,16405,0
4189,31972,40431,0
4190,8807,17820,0
4191,4527,37126,0
4192,57851,9455,0
4193,31437,27185,0
4194,61197,54538,0
4195,40402,46571,0
4196,32556,47070,0
4197,59638,57888,0
4198,22025,995,0
4199,43401,60305,0
4200,42980,39314,0
4201,41045,11266,0
4202,36501,58783,0
4203,23169,44544,0
4204,58564,19255,0
4205,7583,18771,0
4206,7957,16689,0
4207,11282,64401,0
4208,3590,65782,0
4209,62838,22353,0
4210,44670,59612,0
4211,28373,62357,0
4212,16800,36344,0
4213,55237,41565,0
4214,22500,4827,0
4215,13826,48717,0
4216,21643,64894,0
4217,33502,1393,0
4218,17022,4181,0
4219,55503,39832,0
4220,45041,45739,0
4221,45940,55914,0
4222,64959,7226,0
4223,37769,20770,0
4224,57887,66762,0
4225,8812,19616,0
4226,8222,41951,0
4227,44348,2626,0
4228,8165,32279,0
4229,54790,21845,0
4230,34765,25105,0
4231,6720,66877,0
4232,52931,23865,0
4233,61948,43529,0
4234,26982,45815,0
4235,61696,34002,0
4236,52860,18552,0
4237,47954,35708,0
4238,44822,11853,0
4239,67552,33501,0
4240,37768,24757,0
4241,35669,50208,0
4242,10854,47949,0
4243,42877,48157,0
4244,38675,55252,0
4245,18961,57632,0
4246,56077,11232,0
4247,52222,4917,0
4248,58307,47767,0
4249,21960,31264,0
4250,8688,59898,0
4251,61529,61275,0
4252,23888,5391,0
4253,37802,6202,0
4254,37413,8630,0
4255,50066,37352,0
4256,41263,17445,0
4257,47191,35677,0
4258,41259,44229,0
4259,21086,27706,0
4260,47938,47497,0
4261,65851,15299,0
4262,21630,13839,0
4263,15649,62626,0
4264,55779,43580,0
4265,34273,27984,0
4266,33474,12558,0
4267,64253,20230,0
4268,12154,14693,0
4269,14068,32618,0
4270,38289,13391,0
4271,5596,4333,0
4272,21511,9884,0
4273,36302,42346,0
4274,57732,46000,0
4275,11590,46655,0
4276,23677,43660,0
4277,5950,28830,0
4278,33971,52033,0
4279,1753,11361,0
4280,40289,1243,0
4281,55769,32713,0
4282,13413,54973,0
4283,22527,19986,0
4284,11896,1055,0
4285,63457,22712,0
4286,18360,35209,0
4287,12006,18803,0
4288,35573,22468,0
4289,10069,25965,0
4290,22127,18928,0
4291,24136,8969,0
4292,43954,29440,0
4293,57242,64687,0
4294,21538,54369,0
4295,18111,23261,0
4296,62627,5239,0
4297,49350,51680,0
4298,5189,6913,0
4299,3034,65842,0
4300,25245,13703,0
4301,56200,19504,0
4302,43699,48152,0
4303,22233,38877,0
4304,42994,5908,0
4305,1596,9399,0
4306,39044,25696,0
4307,38232,10390,0
4308,16455,29861,0
4309,45819,46706,0
4310,39766,4788,0
4311,10522,21765,0
4312,45299,54737,0
4313,17278,67534,0
4314,8920,51648,0
4315,15971,26350,0
4316,60134,44334,0
4317,56887,23820,0
4318,36410,57872,0
4319,29833,47528,0
4320,64253,20893,0
4321,57001,59250,0
4322,33576,55009,0
4323,23548,39688,0
4324,31716,7899,0
4325,33072,25681,0
4326,15330,11093,0
4327,11899,36850,0
4328,27039,25498,0
4329,50748,8119,0
4330,41232,46740,0
4331,14670,52592,0
4332,13045,28110,0
4333,2825,54381,0
4334,16483,51351,0
4335,1993,62933,0
4336,47413,23046,0
4337,23546,6727,0
4338,47194,21101,0
4339,14635,23726,0
4340,59752,16526,0
4341,31297,20138,0
4342,56515,16134,0
4343,40759,2618,0
4344,15668,8671,0
4345,210,13314,0
4346,64662,30394,0
4347,22172,52903,0
4348,23735,24115,0
4349,55640,31294,0
4350,12050,34031,0
4351,36688,30341,0
4352,35594,34655,0
4353,55322,37962,0
4354,12350,65850,0
4355,1745,4635,0
4356,36845,34782,0
4357,40813,54619,0
4358,54760,42911,0
4359,47234,47854,0
4360,42716,22731,0
4361,34915,4657,0
4362,11916,56009,0
4363,51451,11790,0
4364,50761,66123,0
4365,30781,33037,0
4366,42300,64759,0
4367,48732,52105,0
4368,57388,15314,0
4369,68096,32491,0
4370,54426,16142,0
4371,16991,55134,0
4372,47963,40477,0
4373,52774,5775,0
4374,12658,60782,0
4375,169,51145,0
4376,30918,47426,0
4377,988,24765,0
4378,52374,61765,0
4379,41880,14344,0
4380,17408,11498,0
4381,63461,3893,0
4382,42076,37340,0
4383,39251,54253,0
4384,21654,3473,0
4385,15919,19802,0
4386,65711,60164,0
4387,8798,23016,0
4388,28513,56140,0
4389,59850,34428,0
4390,64442,5215,0
4391,44498,35241,0
4392,11802,27428,0
4393,44535,47393,0
4394,23903,5010,0
4395,25803,50157,0
4396,6969,22255,0
4397,36911,67868,0
4398,23561,12954,0
4399,64223,8729,0
4400,67110,13054,0
4401,16939,14511,0
4402,39791,21235,0
4403,57826,39032,0
4404,11350,1224,0
4405,64012,44066,0
4406,40272,64805,0
4407,45450,52356,0
4408,19120,62191,0
4409,53980,3500,0
4410,57555,58616,0
4411,51160,67113,0
4412,64795,21986,0
4413,60587,15728,0
4414,16063,19239,0
4415,795,17415,0
4416,39542,20287,0
4417,56826,20296,0
4418,19443,50389,0
4419,34506,41539,0
4420,4582,21875,0
4421,45480,8370,0
4422,44895,28397,0
4423,53524,7838,0
4424,23001,19331,0
4425,54560,63200,0
4426,52075,67415,0
4427,13483,46815,0
4428,34460,5736,0
4429,65645,32714,0
4430,15832,32168,0
4431,48792,36469,0
4432,28049,7796,0
4433,49986,47615,0
4434,42950,59552,0
4435,1189,53152,0
4436,9885,21481,0
4437,20656,58915,0
4438,47344,63067,0
4439,9674,17359,0
4440,32727,38644,0
4441,67986,41808,0
4442,19743,66362,0
4443,55075,44773,0
4444,49580,53428,0
4445,18096,34180,0
4446,27542,57142,0
4447,49974,5239,0
4448,65034,56393,0
4449,53414,40805,0
4450,51265,3801,0
4451,43479,37629,0
4452,37242,58084,0
4453,14943,58440,0
4454,10672,66833,0
4455,988,26428,0
4456,20602,19651,0
4457,4689,15944,0
4458,14020,25452,0
4459,45402,60339,0
4460,1818,6913,0
4461,48576,17437,0
4462,24709,30441,0
4463,55680,45941,0
4464,45590,6954,0
4465,64167,36846,0
4466,19803,20585,0
4467,58715,2730,0
4468,21082,66658,0
4469,48888,3414,0
4470,25478,13659,0
4471,8882,22942,0
4472,50647,25192,0
4473,14271,66120,0
4474,10973,4891,0
4475,30966,5762,0
4476,17745,61602,0
4477,42353,22111,0
4478,54773,38864,0
4479,51451,61861,0
4480,7101,23591,0
4481,20437,59584,0
4482,10489,24242,0
4483,59106,38549,0
4484,39556,38276,0
4485,31334,7041,0
4486,9454,52727,0
4487,16989,17096,0
4488,14688,30796,0
4489,11045,46333,0
4490,24753,49189,0
4491,39328,41187,0
4492,19373,57335,0
4493,35341,33437,0
4494,39880,52064,0
4495,63496,1028,0
4496,40332,56377,0
4497,44514,14675,0
4498,19322,19196,0
4499,19722,59065,0
4500,59396,60520,0
4501,34218,40004,0
4502,48645,23671,0
4503,35792,65403,0
4504,20042,68362,0
4505,3032,56997,0
4506,24824,29049,0
4507,31700,34483,0
4508,17115,2867,0
4509,33588,28714,0
4510,11829,51753,0
4511,35662,61022,0
4512,20211,33758,0
4513,48163,24471,0
4514,48779,38096,0
4515,64230,55669,0
4516,4205,24440,0
4517,56329,48360,0
4518,65165,25206,0
4519,17525,150,0
4520,25398,61982,0
4521,25785,64788,0
4522,32342,24303,0
4523,2755,65110,0
4524,34981,34823,0
4525,2570,49327,0
4526,25689,15450,0
4527,10471,41479,0
4528,52664,63914,0
4529,47455,39924,0
4530,57390,56325,0
4531,32776,39077,0
4532,21033,27357,0
4533,28547,33424,0
4534,38778,62429,0
4535,40030,28105,0
4536,51108,13996,0
4537,47558,23127,0
4538,51867,65680,0
4539,57918,17341,0
4540,46942,23926,0
4541,25770,44617,0
4542,60685,8909,0
4543,11935,16598,0
4544,55478,49642,0
4545,9387,21351,0
4546,19528,43667,0
4547,33796,67954,0
4548,52338,52070,0
4549,56245,15966,0
4550,13895,62916,0
4551,55866,62499,0
4552,8934,41254,0
4553,4213,9487,0
4554,48530,33442,0
4555,7528,35448,0
4556,60957,3530,0
4557,64876,34361,0
4558,22461,29016,0
4559,25910,59528,0
4560,31926,58685,0
4561,60415,13178,0
4562,59326,37867,0
4563,31110,2953,0
4564,45135,12253,0
4565,62113,47844,0
4566,3802,37772,0
4567,44624,33945,0
4568,25927,33661,0
4569,7365,19589,0
4570,61218,65670,0
4571,52837,51693,0
4572,3772,60530,0
4573,734,51137,0
4574,898,20091,0
4575,33879,56609,0
4576,64740,11091,0
4577,40394,64614,0
4578,44798,49328,0
4579,5930,16529,0
4580,58015,36537,0
4581,16772,45122,0
4582,63613,5370,0
4583,58952,56909,0
4584,24300,32891,0
4585,17225,42578,0
4586,49074,20213,0
4587,34497,4745,0
4588,7570,32331,0
4589,42162,58356,0
4590,59711,14997,0
4591,36211,31183,0
4592,67850,4249,0
4593,41723,47859,0
4594,27110,31476,0
4595,57576,8269,0
4596,65556,12084,0
4597,51177,45539,0
4598,31305,9126,0
4599,19454,31961,0
4600,48059,10607,0
4601,49923,38838,0
4602,38480,52655,0
4603,7593,16955,0
4604,30712,14308,0
4605,6327,21464,0
4606,67705,60564,0
4607,64056,43290,0
4608,1487,11376,0
4609,38494,16934,0
4610,53804,51692,0
4611,40884,35323,0
4612,7906,33087,0
4613,18156,32229,0
4614,62942,53360,0
4615,34578,62477,0
4616,17858,32221,0
4617,7681,62403,0
4618,4926,13928,0
4619,23878,23610,0
4620,3541,56544,0
4621,41579,8962,0
4622,4010,30344,0
4623,36780,41281,0
4624,5602,27011,0
4625,7492,12732,0
4626,35397,13532,0
4627,8906,64706,0
4628,32815,9126,0
4629,24343,40514,0
4630,61061,6274,0
4631,12577,58531,0
4632,6499,46431,0
4633,8899,26246,0
4634,48626,59541,0
4635,26790,7215,0
4636,25887,1280,0
4637,51172,43606,0
4638,57925,10956,0
4639,16579,4492,0
4640,41750,40389,0
4641,41719,23509,0
4642,52974,15491,0
4643,45104,51482,0
4644,31951,56623,0
4645,25517,1258,0
4646,52423,48620,0
4647,30603,42303,0
4648,62885,17410,0
4649,31805,2483,0
4650,58829,19083,0
4651,43852,23035,0
4652,3772,21774,0
4653,7439,27052,0
4654,54861,13754,0
4655,57651,29974,0
4656,19146,15348,0
4657,5801,5841,0
4658,63842,966,0
4659,42532,12924,0
4660,54124,12499,0
4661,61490,60901,0
4662,33849,24761,0
4663,33134,33285,0
4664,48181,35580,0
4665,11008,19586,0
4666,26409,66427,0
4667,52432,17385,0
4668,15291,65906,0
4669,19877,8927,0
4670,31488,60092,0
4671,58059,40860,0
4672,36847,43888,0
4673,26678,47917,0
4674,7625,5126,0
4675,53106,40248,0
4676,50342,51297,0
4677,38960,28076,0
4678,2282,15293,0
4679,40251,53530,0
4680,10993,36706,0
4681,4709,742,0
4682,67776,47775,0
4683,45491,6917,0
4684,61556,26532,0
4685,24607,32951,0
4686,58946,59111,0
4687,1809,37071,0
4688,55379,63229,0
4689,56122,1732,0
4690,1935,28181,0
4691,45000,67483,0
4692,65376,6587,0
4693,1793,14331,0
4694,42043,53465,0
4695,34699,27768,0
4696,41892,38754,0
4697,58727,39048,0
4698,24664,11126,0
4699,27608,66474,0
4700,33777,49545,0
4701,13356,13750,0
4702,48458,33455,0
4703,15105,26824,0
4704,57853,46501,0
4705,20432,43446,0
4706,56362,64713,0
4707,7445,64296,0
4708,49494,44346,0
4709,37990,54087,0
4710,56389,26587,0
4711,61802,11059,0
4712,12725,18301,0
4713,35839,51577,0
4714,35336,28116,0
4715,26187,601,0
4716,1565,25646,0
4717,58714,27195,0
4718,13113,24012,0
4719,2682,13670,0
4720,68036,46184,0
4721,39205,65990,0
4722,32053,45196,0
4723,25478,57138,0
4724,6811,18893,0
4725,62072,17984,0
4726,7664,13000,0
4727,19816,51872,0
4728,11558,25777,0
4729,28079,30722,0
4730,27347,41307,0
4731,46198,3856,0
4732,7603,44024,0
4733,50700,54442,0
4734,46917,56758,0
4735,16565,42052,0
4736,3519,57987,0
4737,57203,63285,0
4738,40428,45131,0
4739,56160,35396,0
4740,29129,50728,0
4741,40024,26436,0
4742,52339,47268,0
4743,34656,40519,0
4744,33924,61749,0
4745,47140,17121,0
4746,24391,43789,0
4747,67556,59144,0
4748,52069,35770,0
4749,7467,58438,0
4750,39868,4523,0
4751,63723,7433,0
4752,51160,23707,0
4753,343,43527,0
4754,30889,47193,0
4755,23569,8605,0
4756,43284,29620,0
4757,48289,24688,0
4758,10482,31844,0
4759,62987,5617,0
4760,13695,47079,0
4761,47987,56472,0
4762,67841,32208,0
4763,38380,15798,0
4764,54038,2868,0
4765,39367,17811,0
4766,39465,48767,0
4767,34627,63490,0
4768,62959,55956,0
4769,58224,17710,0
4770,16640,26286,0
4771,59660,66698,0
4772,56699,32882,0
4773,43557,67782,0
4774,44685,13155,0
4775,67029,61485,0
4776,64501,47084,0
4777,39606,56150,0
4778,51369,38661,0
4779,31446,41330,0
4780,67545,28897,0
4781,20786,16826,0
4782,60031,46019,0
4783,48684,49915,0
4784,54000,6254,0
4785,36360,36285,0
4786,24262,33490,0
4787,62267,20965,0
4788,49478,55152,0
4789,56202,54945,0
4790,10856,44745,0
4791,45037,18773,0
4792,17451,46635,0
4793,21734,20443,0
4794,41074,39412,0
4795,57804,47530,0
4796,59563,26778,0
4797,30690,42548,0
4798,5358,29221,0
4799,29461,6224,0
4800,48071,23706,0
4801,5223,21131,0
4802,35970,18030,0
4803,4539,58812,0
4804,50162,24671,0
4805,66121,24315,0
4806,45348,61772,0
4807,40437,31525,0
4808,22057,27841,0
4809,5606,50612,0
4810,49037,3703,0
4811,41050,24055,0
4812,44382,8946,0
4813,27814,33773,0
4814,49176,54218,0
4815,33688,13348,0
4816,49922,27936,0
4817,14166,26431,0
4818,57174,68163,0
4819,23570,18280,0
4820,8018,37991,0
4821,50720,19101,0
4822,14835,11535,0
4823,39869,65178,0
4824,41067,25169,0
4825,64260,7350,0
4826,39606,50600,0
4827,57538,45315,0
4828,59056,33385,0
4829,40570,65332,0
4830,65313,52244,0
4831,46366,18305,0
4832,67698,47217,0
4833,55682,41892,0
4834,16989,24318,0
4835,13340,27214,0
4836,2084,50619,0
4837,4505,39279,0
4838,64056,47084,0
4839,47616,45255,0
4840,21540,16799,0
4841,6633,30735,0
4842,48183,792,0
4843,7471,4307,0
4844,58530,26284,0
4845,53667,26197,0
4846,55408,27492,0
4847,4178,7036,0
4848,26726,56364,0
4849,22635,54446,0
4850,285,66,0
4851,47035,8137,0
4852,44621,12963,0
4853,42964,4582,0
4854,11653,45197,0
4855,53486,4906,0
4856,13167,39031,0
4857,16730,12804,0
4858,17363,67968,0
4859,42568,56998,0
4860,55903,8044,0
4861,14590,53624,0
4862,56030,48909,0
4863,62448,64257,0
4864,51901,33110,0
4865,3619,1205,0
4866,56718,54417,0
4867,56471,43960,0
4868,3954,50399,0
4869,61296,35359,0
4870,14530,66428,0
4871,59787,17645,0
4872,50992,51869,0
4873,3486,1980,0
4874,17696,24229,0
4875,56008,32098,0
4876,33801,59898,0
4877,30986,21369,0
4878,26278,4492,0
4879,48072,45608,0
4880,20226,26016,0
4881,31258,28817,0
4882,39274,1487,0
4883,49169,4967,0
4884,56442,7067,0
4885,52870,52827,0
4886,35955,34314,0
4887,24426,51451,0
4888,30243,64699,0
4889,6767,43724,0
4890,13150,20614,0
4891,67158,19385,0
4892,34459,30716,0
4893,4146,34874,0
4894,53108,16005,0
4895,4082,58767,0
4896,13575,43375,0
4897,53987,2220,0
4898,1715,12199,0
4899,58038,3261,0
4900,6960,18653,0
4901,47838,28583,0
4902,5317,12361,0
4903,10327,61018,0
4904,44006,55953,0
4905,7648,48707,0
4906,46601,46542,0
4907,36906,19298,0
4908,63020,67580,0
4909,56626,3340,0
4910,51020,15734,0
4911,61802,49172,0
4912,37433,54512,0
4913,60411,30192,0
4914,47673,28787,0
4915,41161,64278,0
4916,29719,51602,0
4917,1199,28703,0
4918,59153,54134,0
4919,14835,46589,0
4920,33302,42521,0
4921,67043,50938,0
4922,66474,35370,0
4923,66083,17580,0
4924,66998,6564,0
4925,65901,2368,0
4926,17006,19901,0
4927,51675,31312,0
4928,7686,10724,0
4929,16578,57188,0
4930,47376,66327,0
4931,34998,24518,0
4932,66113,1557,0
4933,37297,38246,0
4934,59348,16184,0
4935,38229,9070,0
4936,50203,24734,0
4937,33208,32906,0
4938,54434,33446,0
4939,17174,44267,0
4940,31495,28958,0
4941,17408,15694,0
4942,26860,844,0
4943,49000,34256,0
4944,25654,63560,0
4945,47452,46756,0
4946,545,14717,0
4947,27875,54654,0
4948,3873,15422,0
4949,53993,60477,0
4950,29791,13481,0
4951,8200,44462,0
4952,23019,3111,0
4953,61779,57986,0
4954,7251,5842,0
4955,24709,28573,0
4956,65464,12480,0
4957,48287,19148,0
4958,13140,1846,0
4959,39529,34641,0
4960,8405,34447,0
4961,12777,54793,0
4962,56247,50620,0
4963,40208,26463,0
4964,27700,24763,0
4965,289,58333,0
4966,2283,26501,0
4967,14983,25570,0
4968,44588,17541,0
4969,24415,62164,0
4970,33077,9608,0
4971,13107,58514,0
4972,31543,32502,0
4973,59023,61650,0
4974,22935,67672,0
4975,30002,62898,0
4976,27448,62801,0
4977,23083,4812,0
4978,8271,34770,0
4979,44472,59180,0
4980,34089,60524,0
4981,57393,67837,0
4982,65187,49422,0
4983,29606,56453,0
4984,24986,35534,0
4985,36597,7564,0
4986,12088,49278,0
4987,36967,5664,0
4988,35317,6953,0
4989,31639,54218,0
4990,20509,68348,0
4991,25411,16683,0
4992,9796,37284,0
4993,42210,14438,0
4994,58966,66726,0
4995,6853,63335,0
4996,38083,63632,0
4997,22683,46516,0
4998,18017,50027,0
4999,58830,19066,0
5000,5688,29363,0
5001,63011,29231,0
5002,49265,65491,0
5003,4930,35525,0
5004,14997,42987,0
5005,65460,10607,0
5006,24106,18522,0
5007,12179,47473,0
5008,66031,46286,0
5009,66094,63254,0
5010,47923,64730,0
5011,15673,19322,0
5012,66441,66760,0
5013,45257,24477,0
5014,45672,7934,0
5015,23337,16673,0
5016,27140,25039,0
5017,31107,4736,0
5018,60602,34318,0
5019,10791,28062,0
5020,63912,10940,0
5021,57037,64707,0
5022,56739,61899,0
5023,55910,12688,0
5024,3341,25680,0
5025,32707,24032,0
5026,12990,63844,0
5027,12111,61025,0
5028,54323,60552,0
5029,6196,66179,0
5030,55191,36728,0
5031,61390,35214,0
5032,60141,29825,0
5033,57003,23391,0
5034,8144,50075,0
5035,31591,63285,0
5036,63093,37519,0
5037,31547,1415,0
5038,45482,64893,0
5039,44399,3557,0
5040,64514,67574,0
5041,9104,14995,0
5042,15449,18308,0
5043,40541,39674,0
5044,23713,51408,0
5045,33076,3531,0
5046,51769,24877,0
5047,45581,29439,0
5048,43995,58617,0
5049,68138,66238,0
5050,16346,62215,0
5051,54096,16451,0
5052,42430,51735,0
5053,54594,56621,0
5054,67999,54846,0
5055,52342,59303,0
5056,62041,19381,0
5057,694,46857,0
5058,63521,38974,0
5059,4428,36830,0
5060,38355,48908,0
5061,12676,53593,0
5062,989,67763,0
5063,40676,40081,0
5064,17795,10854,0
5065,43795,57843,0
5066,18390,20492,0
5067,29208,52667,0
5068,60467,43535,0
5069,44946,53923,0
5070,65157,60214,0
5071,48177,4642,0
5072,19087,2247,0
5073,26252,39042,0
5074,12079,60618,0
5075,18847,53141,0
5076,49882,34247,0
5077,22161,46259,0
5078,6715,48275,0
5079,19002,24898,0
5080,52543,62665,0
5081,33300,8981,0
5082,57013,16365,0
5083,65957,18877,0
5084,63947,25314,0
5085,60651,17136,0
5086,61256,26533,0
5087,3702,4694,0
5088,60134,46867,0
5089,61297,59974,0
5090,38698,54041,0
5091,56434,52870,0
5092,21352,4849,0
5093,3036,13056,0
5094,51987,23573,0
5095,60324,50672,0
5096,68370,23474,0
5097,23982,8049,0
5098,48762,6777,0
5099,55693,25868,0
5100,2932,51078,0
5101,7071,62479,0
5102,64211,32794,0
5103,31824,23723,0
5104,62135,22880,0
5105,3510,10951,0
5106,48735,36440,0
5107,32245,32823,0
5108,67458,1699,0
5109,73,58142,0
5110,51721,12603,0
5111,59186,30522,0
5112,33364,50595,0
5113,52355,26482,0
5114,12925,49784,0
5115,67603,63098,0
5116,586,53209,0
5117,59382,16268,0
5118,42716,48662,0
5119,66645,50331,0
5120,57561,3241,0
5121,54576,57103,0
5122,50724,12859,0
5123,31236,24247,0
5124,36338,21207,0
5125,45169,20859,0
5126,8641,27719,0
5127,27270,58999,0
5128,49555,55748,0
5129,24601,23697,0
5130,59509,25836,0
5131,6297,46235,0
5132,20412,9968,0
5133,35454,66203,0
5134,67988,44636,0
5135,66795,65069,0
5136,27487,31636,0
5137,48006,52328,0
5138,25665,4427,0
5139,17777,35738,0
5140,2999,52307,0
5141,5824,65417,0
5142,20268,4853,0
5143,52116,47644,0
5144,8760,47800,0
5145,24397,62625,0
5146,2991,63458,0
5147,43081,12024,0
5148,56008,66849,0
5149,53890,65419,0
