tag,graph,ratio,seed,test_auc_mean,test_auc_std,test_auc_pr_mean,test_auc_pr_std,test_prevalence_mean,test_prevalence_std,test_p_at_k_mean,test_p_at_k_std,f75_precision_mean,f75_precision_std,f75_recall_mean,f75_recall_std,f75_f1_mean,f75_f1_std,cal_precision_mean,cal_precision_std,cal_recall_mean,cal_recall_std,cal_f1_mean,cal_f1_std,cal_threshold_mean,cal_threshold_std
v0_leaky,leaky,1,0,0.7697520661157025,0.08075677580774226,0.7960641360312765,0.08982769663387112,0.5,0.0,0.7381818181818182,0.07758996082098525,0.7473809523809524,0.15261824282282915,0.5654545454545454,0.19221773696046848,0.6171445824706694,0.12404112795321341,0.6916550116550118,0.10681123076264327,0.72,0.19463889005196564,0.6910532634458465,0.1278918755463328,0.46100000000000013,0.16100034506519273
v0_leaky,leaky,1,1,0.8030578512396694,0.07925206648676567,0.8219838490464723,0.08418133050106022,0.5,0.0,0.7490909090909093,0.08909297049769331,0.8264285714285716,0.11831996903467477,0.6,0.1684477831477248,0.6707298937881789,0.133053363895914,0.7007477244977245,0.118775552339087,0.7963636363636364,0.07135060680126759,0.7397395312544054,0.0729997433096566,0.41800000000000004,0.14627219679609507
v0_leaky,leaky,1,2,0.8083842975206611,0.09895382463184153,0.8432347046228627,0.09350286553558666,0.5,0.0,0.7281818181818182,0.1456091350225672,0.8147222222222222,0.16455998818647916,0.6163636363636364,0.18777123020952524,0.6804300747412202,0.12965691992801412,0.7377636252636253,0.12287148919187753,0.730909090909091,0.15243358005014976,0.7262008116470359,0.10950987284060651,0.4680000000000001,0.04939635614091391
v0_leaky,leaky,1,3,0.7639834710743801,0.1111486562403987,0.7907270664609181,0.10114485942721846,0.5,0.0,0.6881818181818181,0.12354200201804351,0.7596248196248196,0.1497965828776012,0.5454545454545454,0.16386067678297908,0.6171279726465484,0.1329919914363221,0.6933866133866133,0.1067033856093499,0.7790909090909091,0.14888936858330412,0.7290487483530961,0.10855317611118342,0.3570000000000001,0.1259673679084301
v0_leaky,leaky,1,4,0.7707024793388431,0.08839104093343497,0.7890323249318464,0.07931142802731049,0.5,0.0,0.7109090909090909,0.11082792194581784,0.7374314574314573,0.1622953779573284,0.5572727272727273,0.22830271657353898,0.6075889538737836,0.19494159815484127,0.6967138417138418,0.05828734841778982,0.7581818181818181,0.13119497403529304,0.7191936705552266,0.06293870136513764,0.39200000000000007,0.14755789824110854
v0_leaky,leaky,2,0,0.7511623376623378,0.12947354753981422,0.6957036948974558,0.14791748533680577,0.33323252688172045,0.008642788404869031,0.5936363636363635,0.1445711812439844,0.7333333333333334,0.24147404161523967,0.33181818181818185,0.1593864498758925,0.4318394024276377,0.1488593080931556,0.6324053724053724,0.16101355030182035,0.5836363636363637,0.20340535237239304,0.5900234453107652,0.1385717953082533,0.4780000000000001,0.08866917289691063
v0_leaky,leaky,2,1,0.7978506493506494,0.08736250665111192,0.7431724528061544,0.11002870730794048,0.33323252688172045,0.008642788404869031,0.6727272727272727,0.09090909090909095,0.7901803751803752,0.21207497336443526,0.47636363636363627,0.21087077325209758,0.5535177103598156,0.1873129347241299,0.6411416361416361,0.15064270620931972,0.6627272727272726,0.11446766638794205,0.6447371946490266,0.11128018356451719,0.40700000000000003,0.08692908987598265
v0_leaky,leaky,2,2,0.7813181818181818,0.14093350102843774,0.7452597629776184,0.15852867747647778,0.33323252688172045,0.008642788404869031,0.6418181818181818,0.1734540795792401,0.7182539682539683,0.1680675150716253,0.5363636363636364,0.21902195151021395,0.594241570263242,0.19216948653362917,0.616009546009546,0.14362214109554,0.6718181818181819,0.19626681114499414,0.6323107868485442,0.1468882263459196,0.39100000000000007,0.12077987323133679
v0_leaky,leaky,2,3,0.7785086580086581,0.09410635967233912,0.7331195959391144,0.09959063870837734,0.33323252688172045,0.008642788404869031,0.6318181818181818,0.13560394445614818,0.7877272727272727,0.1304785352127756,0.4418181818181819,0.21797970436522646,0.5283322559793148,0.16427418157471582,0.6598701298701297,0.135748522953064,0.6181818181818182,0.1913654958042054,0.6208004413886767,0.13592621093877755,0.4870000000000001,0.05793674711844521
v0_leaky,leaky,2,4,0.7689805194805195,0.11116131970764019,0.7132021336212274,0.13040395058425489,0.33323252688172045,0.008642788404869031,0.5963636363636364,0.13035235148316304,0.7213780663780663,0.32617644192020734,0.38363636363636366,0.21289038035943939,0.4646769589722881,0.20138470878614825,0.5627380952380953,0.16577145253993006,0.5963636363636364,0.17608120674344477,0.5681619433198379,0.1488245240808851,0.42800000000000005,0.07612854625930776
v0_leaky,leaky,5,0,0.7343809132044427,0.08769949745220806,0.4859287857013932,0.14210918916124704,0.1666062300118355,0.00561806401293685,0.4481818181818181,0.12129164058292903,0.7036904761904761,0.28420259812332,0.2436363636363636,0.11711248938469639,0.3377327935222672,0.13472455231384636,0.4623051948051947,0.13689133458366454,0.4172727272727273,0.1442787069213289,0.4295889567948391,0.12221375986614118,0.44600000000000006,0.1013464903739203
v0_leaky,leaky,5,1,0.7765535444947209,0.14224011687246166,0.548764681827127,0.20380199658382897,0.1666062300118355,0.00561806401293685,0.4763636363636364,0.20292625103934075,0.5241378066378066,0.30711910018713773,0.2963636363636364,0.2271393548053208,0.3559710078363329,0.23861256238999562,0.48726495726495733,0.21621020490281595,0.4290909090909091,0.2453160851524561,0.4310694619390271,0.20426321606447825,0.4010000000000001,0.09780365819106955
v0_leaky,leaky,5,2,0.7846366378719319,0.0741215053792695,0.5564036204958018,0.13243428574128643,0.1666062300118355,0.00561806401293685,0.5245454545454545,0.16217359674772483,0.6873809523809525,0.14360496506539602,0.3136363636363636,0.16992679242604944,0.4187658909717733,0.18873737772874327,0.4925341325341325,0.15052466590132224,0.49727272727272737,0.22156675600043127,0.4874945103205974,0.1824386171902103,0.40800000000000003,0.07899367063252603
v0_leaky,leaky,5,3,0.7579096393802276,0.13352601677676695,0.5698497191457572,0.1972927771607113,0.1666062300118355,0.00561806401293685,0.5163636363636364,0.17735947113654954,0.6338275613275612,0.30036081874704085,0.3454545454545454,0.22461067224492634,0.40636721379755436,0.21684368700473117,0.5479129204129204,0.1878110723155721,0.49909090909090903,0.20878106159429494,0.5063132863158438,0.17347134645607779,0.42700000000000005,0.08731170215574394
v0_leaky,leaky,5,4,0.7407071849718908,0.08689848807204094,0.5000538228854727,0.12905894752134045,0.1666062300118355,0.00561806401293685,0.4781818181818182,0.11596205959442545,0.6196428571428572,0.3219969744024211,0.2672727272727273,0.19060581972331456,0.34729763700351934,0.21545408940655236,0.4745887445887445,0.16568321755928905,0.3927272727272727,0.19221773696046848,0.41856936235419206,0.1703097363827367,0.4010000000000001,0.10587728746053142
v0_leaky,leaky,10,0,0.7216504854368931,0.1048876560209592,0.3944061173478199,0.16076360072211632,0.0908942710759199,0.003862267258856056,0.3809090909090909,0.16213961945911648,0.5166666666666667,0.35746017649212025,0.14727272727272728,0.10771864177162636,0.22545787545787546,0.1602827468329551,0.47416666666666674,0.1927085210209296,0.31363636363636366,0.172181487525415,0.36468253968253966,0.16630398516298267,0.40300000000000014,0.08420213774008356
v0_leaky,leaky,10,1,0.7346469549867607,0.12168804481761451,0.3932530903946493,0.120519046050301,0.0908942710759199,0.003862267258856056,0.42727272727272736,0.13998556924183148,0.5395238095238095,0.1788276820967654,0.2254545454545455,0.1258798237508625,0.30798750269338504,0.15084152110892704,0.48667995403289516,0.14568786990704302,0.42000000000000004,0.17364456059767808,0.4297109311098407,0.11870986653957778,0.3580000000000001,0.08189424074174367
v0_leaky,leaky,10,2,0.7647440423654016,0.08014177544143047,0.41693483891123967,0.11448876884908901,0.0908942710759199,0.003862267258856056,0.39909090909090905,0.12041022626642507,0.6599999999999999,0.30501973220930645,0.17363636363636364,0.07378647873726218,0.2676964701964702,0.10698733131907133,0.46545454545454545,0.11876109864416146,0.34181818181818185,0.11119188982851387,0.38820126296132484,0.10554627555801799,0.38900000000000007,0.05952590472502988
v0_leaky,leaky,10,3,0.7474624889673434,0.08262936653075095,0.4311619200431097,0.10250521424990795,0.0908942710759199,0.003862267258856056,0.39999999999999997,0.1178316490619611,0.6721428571428572,0.17001937701729902,0.29454545454545455,0.1282931674828133,0.3934904474610357,0.13592141965809207,0.48384920634920636,0.13268218453253866,0.37090909090909097,0.1659654671062899,0.3944348444065768,0.11926736745403044,0.41500000000000004,0.07648529270389182
v0_leaky,leaky,10,4,0.7409267431597529,0.10727165274673942,0.41638326866752806,0.15670333427938438,0.0908942710759199,0.003862267258856056,0.4,0.1409661012074304,0.47714285714285715,0.3598507571165153,0.2181818181818182,0.18870784820533654,0.28315627870581433,0.213396763803902,0.4266269841269842,0.19257228238305446,0.36363636363636365,0.21375990410361692,0.3653940734188412,0.15162958146709082,0.399,0.06935416353759885
v0_leaky,leaky,20,0,0.6694240953221535,0.08992583147816786,0.20904767947825192,0.08393777191593817,0.0476147806792968,0.002122961547558619,0.24363636363636365,0.0862226387577151,0.20833333333333331,0.3315926773975923,0.06999999999999999,0.10593499054713801,0.1043956043956044,0.15977163727153398,0.27964285714285714,0.12562197237971717,0.1972727272727273,0.125679055442994,0.22613624937154347,0.12544231850048293,0.4040000000000001,0.05581716183715863
v0_leaky,leaky,20,1,0.699964695498676,0.11043388876327681,0.28785838949155607,0.14879031826743797,0.0476147806792968,0.002122961547558619,0.35181818181818175,0.17381634334009333,0.4025,0.4631489441253692,0.1,0.15634719199411434,0.1367676767676768,0.18008413652589178,0.34029526029526036,0.20973064470421737,0.22272727272727275,0.1968647739192684,0.2504882122633502,0.18436795630105834,0.4050000000000001,0.08436033823229179
v0_leaky,leaky,20,2,0.7123609885260371,0.0900922163396167,0.2973925770093713,0.1107603232498863,0.0476147806792968,0.002122961547558619,0.3236363636363636,0.11209663940393827,0.37,0.2700937194455854,0.1390909090909091,0.11775759135357591,0.19886446886446887,0.16008852884544073,0.3911904761904762,0.184310937119722,0.21545454545454543,0.11387248196452174,0.27231792717086833,0.13504525085681143,0.4240000000000001,0.07530677998102904
v0_leaky,leaky,20,3,0.7332568402471316,0.06202232700367435,0.2818016725104221,0.08283125208289463,0.0476147806792968,0.002122961547558619,0.3227272727272727,0.08837373679647083,0.5066666666666666,0.38226097994710817,0.13818181818181818,0.08536638478380125,0.2123809523809524,0.13227470899403174,0.3145931845931845,0.14159991940507347,0.25363636363636366,0.12788094210450343,0.27110656251960596,0.11504803250010784,0.4,0.13089435944047914
v0_leaky,leaky,20,4,0.7012842012356576,0.11278574429130034,0.2876653416288521,0.1330077221542799,0.0476147806792968,0.002122961547558619,0.3145454545454545,0.1697618923428558,0.45666666666666667,0.391593767841555,0.1390909090909091,0.15085005538707855,0.19654262404262401,0.18950686139693645,0.3306349206349206,0.22613468169185902,0.2272727272727273,0.1840269872810785,0.2633934099955772,0.19595417791669553,0.4090000000000001,0.10397114984456028
v0_leaky,leaky,50,0,0.6739117387466902,0.08919713504192626,0.16677130350523797,0.11710511807782567,0.019607097591888466,0.0009008460407130843,0.18727272727272726,0.1390773743992487,0.175,0.24984563135298732,0.0590909090909091,0.08389617090852805,0.08805860805860806,0.1248156158201542,0.23503219003219003,0.1901309476696222,0.17636363636363636,0.09341987329938276,0.1865139151839919,0.12403711351902323,0.31100000000000005,0.10535126429658495
v0_leaky,leaky,50,1,0.6576787290379523,0.08516596690995137,0.14966382200663414,0.11480488472626385,0.019607097591888466,0.0009008460407130843,0.15818181818181817,0.1585749208091931,0.3,0.35832256659104667,0.07,0.08232726023485647,0.10957375957375956,0.12505438349137155,0.1681081081081081,0.2308261339786961,0.1,0.11547005383792516,0.10853518821603927,0.1267374982852214,0.39000000000000007,0.13613718571108097
v0_leaky,leaky,50,2,0.6828402471315093,0.06695183286635288,0.20981674613105444,0.08796405334582105,0.019607097591888466,0.0009008460407130843,0.2627272727272727,0.09519686238472964,0.33166666666666667,0.41725513999452646,0.08,0.09189365834726815,0.12323676323676322,0.14082684198431425,0.33690476190476193,0.1559720695193329,0.21454545454545454,0.07846085979482306,0.2548329156223893,0.09101940970314967,0.35200000000000004,0.06860515043833566
v0_leaky,leaky,50,3,0.701964695498676,0.113467004617034,0.19841321463098005,0.1069937213279857,0.019607097591888466,0.0009008460407130843,0.22545454545454544,0.10677680264506782,0.41666666666666663,0.41013397389537226,0.0790909090909091,0.07867707826697748,0.12843822843822844,0.12322850185777702,0.2993722943722944,0.2503563516628112,0.1390909090909091,0.11775759135357591,0.1813014436543848,0.1510627125812361,0.4440000000000001,0.13108097582113978
v0_leaky,leaky,50,4,0.7025366284201235,0.10159579441345153,0.18014451364423997,0.09267164180498504,0.019607097591888466,0.0009008460407130843,0.20727272727272728,0.11140640283756034,0.3333333333333333,0.376796110173626,0.0790909090909091,0.09171861788563064,0.12692307692307694,0.14560676335480735,0.2797727272727273,0.18063661032948836,0.1572727272727273,0.10748395570790514,0.19488095238095235,0.12230471602767502,0.34600000000000003,0.04948624949305505
v0_leaky,leaky,100,0,0.6536443071491614,0.10686585865701974,0.0772231392388846,0.06328561196917162,0.009900798049213034,0.0004595592886701366,0.10818181818181818,0.07415888930652365,0.06666666666666667,0.1405456737852613,0.030000000000000006,0.0674948557710553,0.04038461538461539,0.08810313871040344,0.06833333333333333,0.09507956382309568,0.049090909090909095,0.07005179770569643,0.056746031746031746,0.07993183877164536,0.42200000000000004,0.11754904413808641
v0_leaky,leaky,100,1,0.6055066195939982,0.07655616624728358,0.08764544301438419,0.06003385482680422,0.009900798049213034,0.0004595592886701366,0.11636363636363638,0.06162775184914503,0.16999999999999998,0.23593784492248518,0.05,0.07071067811865477,0.07523809523809523,0.10454041039180917,0.1280952380952381,0.16249038190812412,0.0881818181818182,0.08517793184541342,0.09549923195084485,0.10469686817486128,0.4330000000000001,0.10914312723310723
v0_leaky,leaky,100,2,0.6428349514563106,0.06289656834349569,0.10289028735890385,0.07196394075969186,0.009900798049213034,0.0004595592886701366,0.11727272727272728,0.09054979503612122,0.15333333333333332,0.31902629637347735,0.0390909090909091,0.06910818497462284,0.06095238095238096,0.11162692064618804,0.20087662337662335,0.19403293060682053,0.08818181818181818,0.05653769149998012,0.11745457157221866,0.0854511512348664,0.40700000000000003,0.0808359106118342
v0_leaky,leaky,100,3,0.6709205648720212,0.11255973941198612,0.11084856476219869,0.0793495266260898,0.009900798049213034,0.0004595592886701366,0.1090909090909091,0.0877219080371523,0.325,0.40909792362111924,0.06,0.0699205898780101,0.09913419913419913,0.11635997154035581,0.21595238095238095,0.29142020685163766,0.07999999999999999,0.06324555320336758,0.11188375350140056,0.0995203469893669,0.44700000000000006,0.1968106817336002
v0_leaky,leaky,100,4,0.6168826125330981,0.09790649324418989,0.1278290839615094,0.13398717022618753,0.009900798049213034,0.0004595592886701366,0.13636363636363638,0.14913278544683978,0.2,0.34960294939005054,0.04,0.06992058987801011,0.06341991341991342,0.10658717240767897,0.11468253968253968,0.17478796138089311,0.08,0.13165611772087665,0.09278588628433829,0.14843272877203614,0.5030000000000001,0.23939971224339904
mig,mig,1,0,0.7456528925619835,0.12149509418882713,0.76520649293556,0.11496424499368584,0.5,0.0,0.7109090909090908,0.11082792194581784,0.7366450216450217,0.11661941945142171,0.6990909090909091,0.15334950208199916,0.7128916921459659,0.12641971864208704,0.683535631035631,0.09619848923281994,0.759090909090909,0.1621849209287838,0.7153598092728527,0.11916829752754474,0.5920000000000001,0.10379466909881904
mig,mig,1,1,0.8214793388429753,0.05904995080794189,0.8648114606802336,0.04943169691938982,0.5,0.0,0.7663636363636364,0.07042439889410462,0.8208638583638583,0.12814349906237088,0.71,0.1191837867453323,0.7497248022015824,0.06363157173998787,0.7177552512846631,0.1283416289975997,0.7972727272727274,0.10584827230196674,0.7451328320802004,0.06858070715209139,0.5930000000000002,0.09753062197188239
mig,mig,1,2,0.7828842975206612,0.10572304659575082,0.7973754688567524,0.1118164843902876,0.5,0.0,0.719090909090909,0.1045739969820976,0.6930808080808081,0.11828873932023268,0.7009090909090909,0.1407346590601964,0.6952942633262998,0.12553270773555325,0.6552938727938729,0.08509417162562846,0.8081818181818182,0.142098273008222,0.7205067396371744,0.09729379309022175,0.38400000000000006,0.181854642808786
mig,mig,1,3,0.7113553719008264,0.11581237860795845,0.7667905979899013,0.10532147313775718,0.5,0.0,0.6699999999999999,0.10532646349254177,0.7168686868686869,0.1137834065483826,0.63,0.1562913857036883,0.6659651021493126,0.1306093128642903,0.6774572649572649,0.12290188665657842,0.7081818181818182,0.14573520901910444,0.6836438467938508,0.1044077294030448,0.5030000000000001,0.24975766032073754
mig,mig,1,4,0.7739256198347106,0.08039371099731377,0.8057450715622683,0.06683042965327608,0.5,0.0,0.7100000000000001,0.07291012367338266,0.7248917748917749,0.09638618365452335,0.6427272727272727,0.1496889950028961,0.6726521507986039,0.10017562594054329,0.6554434454434455,0.06156270576875819,0.8172727272727274,0.12063879561842643,0.7226665759869421,0.061360026808557885,0.5090000000000001,0.1418489023965682
mig,mig,2,0,0.738991341991342,0.11768736861502538,0.6871557773172602,0.14402929869682174,0.33323252688172045,0.008642788404869031,0.629090909090909,0.15574696343991104,0.6761904761904762,0.22144421632163447,0.5436363636363637,0.197774579270677,0.5712478825522302,0.1635199244800617,0.5856634593476698,0.196135682930094,0.6872727272727273,0.1527344875640733,0.6200771692076039,0.14179422103497544,0.5890000000000001,0.09060905032059438
mig,mig,2,1,0.7804935064935065,0.06490257949641559,0.7067848119104061,0.10911897371858408,0.33323252688172045,0.008642788404869031,0.6809090909090909,0.08500526640629046,0.6889194139194139,0.14594415810209574,0.46818181818181825,0.18112240608810432,0.5429121877583987,0.15659357147703523,0.6059523809523809,0.08722238671343573,0.6909090909090909,0.11101005505463155,0.6390261530993797,0.07165841667363389,0.5620000000000002,0.07067924416372574
mig,mig,2,2,0.7694274891774893,0.09912342939608429,0.6655114387647387,0.11239862730485212,0.33323252688172045,0.008642788404869031,0.62,0.1251482133249969,0.6278618113912231,0.09561499610012535,0.6036363636363636,0.19390151145169213,0.5997828282828283,0.1154240283829691,0.5592611555111555,0.11017980416993224,0.7,0.17158045656838872,0.6105620953359935,0.10290067526380087,0.47200000000000014,0.11942454614618485
mig,mig,2,3,0.751103896103896,0.10833246202701009,0.673477913139422,0.11512588644238136,0.33323252688172045,0.008642788404869031,0.6509090909090909,0.09103022232978711,0.6153463203463203,0.17679531103016563,0.4954545454545454,0.22669623855062693,0.531206194831178,0.19644517366820105,0.5869580419580419,0.07882412378231056,0.6799999999999999,0.12240323852224916,0.6255596137907352,0.08623565791784978,0.524,0.060221812216726525
mig,mig,2,4,0.758896103896104,0.1207228081434119,0.7293303537532976,0.12595661115298934,0.33323252688172045,0.008642788404869031,0.6318181818181817,0.14982389417373013,0.6758508158508157,0.17959326928541472,0.5354545454545455,0.16671900004811438,0.5804872810368167,0.13825704444396397,0.5616828922711276,0.09536828224055452,0.6418181818181818,0.21965830380750148,0.5858008911166805,0.12458956237037144,0.534,0.18584342274554083
mig,mig,5,0,0.7175942684766216,0.08399789230335523,0.4616879376220499,0.11307668862098037,0.1666062300118355,0.00561806401293685,0.42727272727272725,0.1015942703893346,0.41328149920255186,0.1429197026272054,0.40727272727272723,0.16085172749123522,0.39268611847922197,0.11753380955141852,0.39140488922841865,0.10118395144031392,0.5727272727272728,0.1833270722697476,0.4580020703933747,0.11279867641704712,0.531,0.07781031065639342
mig,mig,5,1,0.7323234608528726,0.10318218509179658,0.48281695159149357,0.17215185316077622,0.1666062300118355,0.00561806401293685,0.4545454545454546,0.14708680120620118,0.4464353946706888,0.19559617520927755,0.4172727272727273,0.21612880898968198,0.41375303872329044,0.18065624469150277,0.42412417647711764,0.17067577556268754,0.5245454545454545,0.18447801922612386,0.4625409991167901,0.16423117799665726,0.5900000000000001,0.13800161029656305
mig,mig,5,2,0.7748392293980529,0.07876430302824511,0.5158786930363676,0.1267077035424236,0.1666062300118355,0.00561806401293685,0.5045454545454545,0.11955303966411432,0.4500088881706529,0.12292990693360091,0.42000000000000004,0.17028038240435175,0.4125036432261496,0.10710057666909945,0.4551426024955436,0.14167234251775956,0.5554545454545454,0.14965218321571683,0.48839386344649494,0.11613605074548257,0.5660000000000001,0.04948624949305503
mig,mig,5,3,0.7608341903194844,0.1033228533777516,0.5242022253175619,0.14716552330927213,0.1666062300118355,0.00561806401293685,0.4845454545454545,0.1320217863313313,0.47670024420024415,0.1519809727118648,0.5309090909090909,0.1832869963981856,0.48481264129839835,0.14908153341180747,0.38302318295739346,0.10292826387291638,0.5809090909090908,0.17525791043453823,0.45485319550784437,0.1261624706504793,0.4780000000000001,0.10464755664185917
mig,mig,5,4,0.7510054161524751,0.1013849249840886,0.5329535433655808,0.13173598824872515,0.1666062300118355,0.00561806401293685,0.5063636363636365,0.08550073971723678,0.5152012774806892,0.18316408936371006,0.5536363636363636,0.24809466779301773,0.4721075859006893,0.12879805768091251,0.43827986378497885,0.08919731664771932,0.630909090909091,0.17350701194935117,0.5044402944971338,0.0782450616578808,0.5300000000000001,0.16451950239004093
mig,mig,10,0,0.6982921447484555,0.09474819860999052,0.33059115818957985,0.12341345376001385,0.0908942710759199,0.003862267258856056,0.3381818181818182,0.11734748224232767,0.33559173669467784,0.2651858396188657,0.33545454545454545,0.1738374740994748,0.28832955932955934,0.13782107203666355,0.2961754877389552,0.10413150167142668,0.4127272727272727,0.14006426440549605,0.3319366126916036,0.10077546499485365,0.5780000000000001,0.1486083592683953
mig,mig,10,1,0.7650794351279787,0.08754610251706267,0.3691946241974452,0.1216073447655959,0.0908942710759199,0.003862267258856056,0.35,0.14019859978944194,0.26660962045636966,0.07390482506956997,0.43909090909090914,0.24227457501143138,0.31861897219896473,0.12305778910701068,0.2467769621682665,0.03910929681104409,0.5381818181818182,0.19183517565586466,0.33332164971251665,0.06827751316422159,0.5600000000000002,0.09201449161228178
mig,mig,10,2,0.7512003530450132,0.06795168171500582,0.37575001885153186,0.07904709683369887,0.0908942710759199,0.003862267258856056,0.3781818181818182,0.09478601873707804,0.33213477698771815,0.07637654158837587,0.34090909090909094,0.151044724249474,0.32300926558821297,0.10128596018428447,0.3083075335397317,0.09080473899170242,0.46454545454545454,0.1088760510413476,0.3670459674089438,0.09114100167041138,0.6210000000000001,0.06008327554319921
mig,mig,10,3,0.7440864960282436,0.08785148824751694,0.40640486562345374,0.10201841892714406,0.0908942710759199,0.003862267258856056,0.3572727272727273,0.1115917062655391,0.4226800976800977,0.24177664729130094,0.31363636363636366,0.172181487525415,0.3119733774996932,0.0987473897366978,0.3473755411255411,0.12736278905237783,0.41090909090909095,0.15113892684087565,0.34909853028868076,0.095227150611485,0.6040000000000002,0.09430447143870402
mig,mig,10,4,0.7318843777581641,0.09459141353306583,0.384848519785542,0.10474128729732878,0.0908942710759199,0.003862267258856056,0.35,0.10376299192887231,0.4211866564807741,0.23650082780538603,0.47727272727272724,0.16246776893042658,0.39930542519536827,0.08254679780888653,0.31910478765338096,0.10551615045787484,0.5154545454545454,0.150484372520269,0.382334519203445,0.09383980128953748,0.6250000000000001,0.08605553762283727
mig,mig,20,0,0.7009973521624007,0.08282262822092916,0.2388427585749487,0.09415635403073243,0.0476147806792968,0.002122961547558619,0.22363636363636363,0.09032133229217766,0.20302893398161942,0.06734454387951484,0.30363636363636365,0.15333453107688863,0.23009012338424104,0.08566597083909401,0.1988977688977689,0.06992319322317175,0.3236363636363636,0.1585170023585197,0.23911149961149963,0.09055912552246644,0.7240000000000003,0.06834552736727631
mig,mig,20,1,0.7115975286849072,0.10256758267442269,0.22921492669092197,0.0794432649295617,0.0476147806792968,0.002122961547558619,0.25181818181818183,0.11330659221062046,0.2097544122544123,0.10875604677755811,0.3236363636363636,0.16302917651970833,0.24601085941623024,0.11541328179129974,0.1972417990358099,0.07944004438528986,0.39,0.11918378674533227,0.25306711267157517,0.08578704459586067,0.6440000000000002,0.0830261003138973
mig,mig,20,2,0.7385878199470433,0.12325616907775948,0.24384620584272812,0.09675202067423803,0.0476147806792968,0.002122961547558619,0.24272727272727274,0.10497714999085286,0.19534621578099837,0.08387515818557977,0.35,0.21501275935402564,0.24199843817755537,0.12075479119391858,0.18221611721611722,0.08029299062486395,0.3790909090909091,0.23284285324377768,0.24027426798171114,0.11612304872292672,0.6910000000000002,0.09097618736057624
mig,mig,20,3,0.7221579876434245,0.11465300760127248,0.2673521557985882,0.08092048550689948,0.0476147806792968,0.002122961547558619,0.25181818181818183,0.09161844461646024,0.2747221324427207,0.12340812157547129,0.32,0.13116697382709125,0.2684816077919526,0.08537773626753595,0.22050554473894274,0.07681105199200629,0.34,0.1475356177132533,0.2583796179192599,0.09099493593839927,0.7010000000000003,0.10577229210798914
mig,mig,20,4,0.7009752868490733,0.10440357137229792,0.2421035087239553,0.05482116285134953,0.0476147806792968,0.002122961547558619,0.25181818181818183,0.08730744259042547,0.16701816299642386,0.10135377391334187,0.2809090909090909,0.14717729792598241,0.2031388242828732,0.10472418995488608,0.19622665271642253,0.0690152445153036,0.2827272727272727,0.1327431843236757,0.21441040398083738,0.06644923882830607,0.7670000000000001,0.10687999500997993
mig,mig,50,0,0.6836963812886143,0.08926853529755223,0.13449180772988395,0.07773252024249394,0.019607097591888466,0.0009008460407130843,0.16454545454545458,0.08692798070357496,0.10914062825046807,0.06520540653244518,0.19363636363636366,0.12391308900669411,0.12901624654544566,0.0634671724767973,0.11723531125737008,0.09888796110321725,0.15363636363636365,0.12342301854179706,0.11523346791247649,0.07103159343965898,0.7850000000000001,0.10352133435513025
mig,mig,50,1,0.6692833186231245,0.12955991827898095,0.1353896511756462,0.047512594646849204,0.019607097591888466,0.0009008460407130843,0.17454545454545453,0.05872849234121523,0.09415818281335522,0.054828821431154307,0.16363636363636364,0.1084154170908989,0.11003551731954808,0.057075536143561825,0.11339241265557057,0.06888817212762331,0.16363636363636364,0.09763032541567887,0.12412008708899273,0.06220527606652815,0.7710000000000001,0.08143845665422587
mig,mig,50,2,0.6730255957634599,0.08298624721931853,0.11131028508888965,0.05432341758455602,0.019607097591888466,0.0009008460407130843,0.10454545454545454,0.07916576047038261,0.15651071616386017,0.1416543725641345,0.19181818181818183,0.11293317786635411,0.14486425048189755,0.08423729158977868,0.10076075884899413,0.07061980953468318,0.18090909090909094,0.13198004691001267,0.12257078415538938,0.08468531671167415,0.7350000000000001,0.07735200923914863
mig,mig,50,3,0.6877811120917918,0.10729099774730035,0.1608106343406414,0.07544012068572675,0.019607097591888466,0.0009008460407130843,0.18454545454545454,0.07081449271391232,0.20641975568291357,0.1798156203273577,0.25181818181818183,0.13933134299394329,0.19802606014674978,0.10287931432839052,0.17480158730158732,0.08040734723233055,0.27181818181818185,0.145293471420658,0.209708223981393,0.10042638872491491,0.7530000000000001,0.10520350648993494
mig,mig,50,4,0.7312744924977934,0.0869759715299755,0.15961496994673677,0.08160654693328545,0.019607097591888466,0.0009008460407130843,0.17454545454545456,0.11742570869074767,0.1446950271950272,0.06999933615727928,0.20454545454545453,0.12488746081815078,0.15536162499895018,0.07501582925955791,0.11860823816706172,0.0675213966384997,0.19363636363636366,0.12849699771033304,0.142525317517393,0.07946357496135636,0.7470000000000002,0.10509783801561078
mig,mig,100,0,0.6639126213592234,0.1224999734692282,0.08609340466208712,0.06773265287314556,0.009900798049213034,0.0004595592886701366,0.11636363636363638,0.08643537690185245,0.07933879047708249,0.05484036514741607,0.18272727272727277,0.13750031304747734,0.10394849827215343,0.06784566298719627,0.10552948957360722,0.11020053762114569,0.12545454545454549,0.10703448977706462,0.10754777765807177,0.10306100503599244,0.8300000000000003,0.11294049564064948
mig,mig,100,1,0.6383654015887027,0.08500304475224499,0.07142042587657345,0.029451716384248625,0.009900798049213034,0.0004595592886701366,0.11636363636363638,0.03969581307590986,0.07468079866992912,0.04581002852576898,0.15454545454545457,0.06399609721800871,0.09554795036294088,0.04876562521723543,0.06458411414293767,0.04885821128503145,0.10636363636363637,0.05421617783829786,0.07658493864376217,0.04609434887972236,0.8000000000000002,0.11575836902790229
mig,mig,100,2,0.7054210061782877,0.07944937575033606,0.0804814195572333,0.07136044370179791,0.009900798049213034,0.0004595592886701366,0.09636363636363636,0.09988055308825533,0.1732981207146705,0.2919584559388802,0.16545454545454547,0.09259051114893435,0.11472291320117405,0.04902471689621698,0.04403954588691712,0.03693130603062789,0.17727272727272728,0.13748695572152322,0.06935338517555026,0.056299083734437406,0.6860000000000002,0.17976527906009984
mig,mig,100,3,0.7102903795233892,0.07183696595136899,0.08928683272090801,0.06087067093212616,0.009900798049213034,0.0004595592886701366,0.12727272727272726,0.08119855155741977,0.05929175024336315,0.047881081957617935,0.15545454545454546,0.10315945559296498,0.08466857046298645,0.06312369320566745,0.11879679144385027,0.09058436302930739,0.12727272727272726,0.08119855155741977,0.11768025232421517,0.08233481461950985,0.8430000000000002,0.07902882737049537
mig,mig,100,4,0.6922912621359224,0.06220673924002249,0.08729487048733132,0.05906700999742749,0.009900798049213034,0.0004595592886701366,0.08727272727272728,0.07083394101181566,0.05547209625129536,0.0501199881537999,0.11454545454545455,0.09689390977799439,0.07237770405452419,0.06252906248473912,0.08127400377400376,0.07516382427358503,0.11545454545454545,0.08667408317493111,0.08604582286271091,0.06148949973468872,0.7740000000000002,0.10956479564369406
